smiles,compound_name,valid,prediction,model,molecular_weight,logp,h_bond_donors,h_bond_acceptors,probability_active,confidence
CC(C)c1cc(Oc2c(Br)cc(NC(=O)CC(=O)O)cc2Br)ccc1O,Compound_4878,True,1,gnn,487.14,5.25,3,4,1.0,1.0
O=C(O)Cc1cc(I)c(Oc2ccc(O)c(I)c2)c(I)c1,Compound_1426,True,1,gnn,621.93,4.63,2,3,1.0,1.0
Cc1cc(OCC(=O)O)cc(C)c1Cc1ccc(O)c(C(C)C)c1,Compound_4807,True,1,gnn,328.41,4.19,2,3,0.99,0.99
CNC(CC(C)C)C(=O)NC1C(=O)NC(CC(N)=O)C(=O)NC2C(=O)NC3C(=O)NC(C(=O)NC(C(=O)O)c4cc(O)cc(O)c4-c4cc3ccc4O)C(OC3CC(C)(N)C(O)C(C)O3)c3ccc(c(Cl)c3)Oc3cc2cc(c3OC2OC(CO)C(O)C(O)C2OC2CC(C)(NCc3ccc(-c4ccc(Cl)cc4)cc3)C(O)C(C)O2)Oc2ccc(cc2Cl)C1O.O=[P@SP2](O)(O)O.O=[P@SP2](O)(O)O,Compound_89,True,1,gnn,1989.11,2.64,26,30,0.98,0.98
O=c1oc(-c2ccc(C(F)(F)F)cc2)nn1Cc1cc(Cl)ccc1O,Compound_5457,True,1,gnn,370.71,3.93,1,5,0.97,0.97
NC(Cc1ccc(Oc2cc(I)c(O)c(I)c2)c(I)c1)C(=O)O,Compound_6017,True,1,gnn,650.98,3.95,3,4,0.97,0.97
NC(Cc1cc(I)c(Oc2ccc(O)cc2)c(I)c1)C(=O)O,Compound_4360,True,1,gnn,525.08,3.35,3,4,0.97,0.97
CC(C)c1cc(Oc2c(Cl)cc(-n3nc(C#N)c(=O)[nH]c3=O)cc2Cl)n[nH]c1=O,Compound_3443,True,1,gnn,435.23,2.1,2,8,0.97,0.97
Cn1c(Cn2ccc(C(F)(F)F)c(Oc3cc(Cl)cc(C#N)c3)c2=O)n[nH]c1=O,Compound_2856,True,1,gnn,425.75,2.65,1,7,0.96,0.96
COc1cc(CCC(=O)O)ccc1O,Compound_456,True,1,gnn,196.2,1.42,2,3,0.95,0.95
Cc1nc(C(=O)NCC(=O)O)c(O)c2ccc(Oc3ccccc3)cc12,Compound_2303,True,1,gnn,352.35,2.86,3,5,0.94,0.94
O=C(O)CCc1cc(C(=O)c2ccc(OC3CCCC3)cc2O)ccc1OCc1ccc2c(=O)[nH]oc2c1,Compound_5071,True,1,gnn,517.53,4.98,3,7,0.93,0.93
O=C(O)CNC(=O)c1nc(Cl)c2ccccc2c1O,Compound_2254,True,1,gnn,280.67,1.41,3,4,0.93,0.93
O=C(O)CCc1ccccc1O,Compound_4642,True,1,gnn,166.18,1.41,2,2,0.91,0.91
Cn1c(=O)cc(N2CCCC(N)C2)n(Cc2cc(F)ccc2C#N)c1=O.O=C(O)CCC(=O)O,Compound_1638,True,1,gnn,475.48,0.47,3,9,0.91,0.91
CC(C)(C)CC(C)(C)c1ccc(O)c(Cc2ccc(Cl)cc2Cl)c1,Compound_694,True,1,gnn,365.34,7.0,1,1,0.91,0.91
Cc1ccc(O)c(C(CCN(C(C)C)C(C)C)c2ccccc2)c1.O=C(O)C(O)C(O)C(=O)O,Compound_843,True,1,gnn,475.58,3.22,5,6,0.89,0.89
O=C(O)CCc1cccc(O)c1,Compound_5337,True,1,gnn,166.18,1.41,2,2,0.89,0.89
Cc1c(CCC(=O)O)ccc(OCc2cc(Cl)cc3c2OC(C)(C)C3)c1C,Compound_4275,True,1,gnn,388.89,5.27,1,3,0.88,0.88
CCOc1cc(N)c(Cl)cc1C(=O)NCC1CN(Cc2ccc(F)cc2)CCO1.O=C(O)CC(O)(CC(=O)O)C(=O)O,Compound_2643,True,1,gnn,614.02,1.84,6,9,0.87,0.87
COc1cc(CCC(C)=O)ccc1O,Compound_2885,True,1,gnn,194.23,1.92,1,3,0.85,0.85
O=C(O)CNC(=O)c1c(O)c2ccccc2n(OCC2CC2)c1=O,Compound_4989,True,1,gnn,332.31,0.36,3,6,0.84,0.84
Cc1cc(C#N)cc(C)c1Oc1nc(Nc2ccc(C#N)cc2)nc(N)c1Br,Compound_1694,True,1,gnn,435.29,4.72,2,7,0.84,0.84
C=CCc1cc(OC)c(OC(C)C(O)c2ccc(O)c(OC)c2)c(OC)c1,Compound_3925,True,1,gnn,374.43,3.65,2,6,0.84,0.84
CC(=O)O.N=C(N)NCCCC(NC(=O)C1CCCN1C(=O)C1CSSCC(N)C(=O)NC(Cc2ccc(O)cc2)C(=O)NC(Cc2ccccc2)C(=O)NC(CCC(N)=O)C(=O)NC(CC(N)=O)C(=O)N1)C(=O)NCC(N)=O,Compound_5639,True,1,gnn,1144.3,-5.1,16,17,0.83,0.83
O=C(O)CNC(=O)c1ncc(-c2cccc(Cl)c2)cc1O,Compound_4696,True,1,gnn,306.71,1.92,3,4,0.83,0.83
CC1CN(CC(Cc2ccccc2)C(=O)NCC(=O)O)CCC1(C)c1cccc(O)c1,Compound_1041,True,1,gnn,424.54,3.05,3,4,0.83,0.83
NC(=O)c1cnc(NCCc2ccc(O)c(Cl)c2)nc1NCc1ccccc1,Compound_4756,True,1,gnn,397.87,3.2,4,6,0.82,0.82
CC(=O)O.CCC(C)C1NC(=O)C(Cc2ccc(O)cc2)NC(=O)C(N)CSSCC(C(=O)N2CCCC2C(=O)NC(CC(C)C)C(=O)NCC(N)=O)NC(=O)C(CC(N)=O)NC(=O)C(CCC(N)=O)NC1=O,Compound_4794,True,1,gnn,1067.26,-3.52,13,16,0.81,0.81
CC(=O)OC1CCC2C3CCc4cc(O)ccc4C3CCC12C,Compound_5634,True,1,gnn,314.43,4.18,1,3,0.81,0.81
CC(N)(Cc1ccc(O)c(O)c1)C(=O)O,Compound_430,True,1,gnn,211.22,0.44,4,4,0.8,0.8
Cc1cc(OCCC[S@SP1](C)(=O)=O)cc(C)c1-c1cccc(COc2ccc3c(c2)OCC3CC(=O)O)c1,Compound_1444,True,1,gnn,524.64,5.31,1,6,0.78,0.78
NC(Cc1cc(I)c(Oc2cc(I)c(O)c(I)c2)c(I)c1)C(=O)O,Compound_1072,True,1,gnn,776.87,4.56,3,4,0.78,0.78
CCC(C)C1NC(=O)C(CCCNC(=N)N)NC(=O)C(C)NC(=O)C(CCCCN)NC(=O)C2CSSCC3NC(=O)CNC(=O)CNC(=O)C(Cc4ccc(O)cc4)NC(=O)C(C(C)C)NC(=O)C(Cc4ccccc4)NC(=O)C(C(C)O)NC(=O)C(CCC(N)=O)NC(=O)C(CSSCC(NC(=O)C(CC(=O)O)NC(=O)C(CCC(=O)O)NC(=O)C(C)NC(=O)C(CO)NC(=O)C(CCCCN)NC(=O)C(Cc4ccccc4)NC(=O)C(CC(N)=O)NC(=O)C(CC(N)=O)NC(=O)C(CCCNC(=N)N)NC(=O)C(CCCCN)NC(=O)C(C)NC(=O)C(CCCNC(=N)N)NC3=O)C(=O)NC(CCSC)C(=O)NC(CCCNC(=N)N)C(=O)NC(C(C)O)C(=O)NC(C(=O)NCC(=O)NCC(=O)NC(C)C(=O)O)CSSCC(NC(=O)C(Cc3ccccc3)NC(=O)C(CC(=O)O)NC(=O)C3CCCN3C(=O)C(N)CCCNC(=N)N)C(=O)NC(CC(C)C)C(=O)NC(CCC(=O)O)C(=O)N3CCCC3C(=O)N3CCCC3C(=O)NC(Cc3ccc(O)cc3)C(=O)NC(C(C)O)C(=O)NCC(=O)N3CCCC3C(=O)N2)NC(=O)C(CC(C)C)NC(=O)CNC(=O)C(C)NC(=O)C(CCCCN)NC(=O)C(C)NC(=O)C(CC(N)=O)NC(=O)C(Cc2ccc(O)cc2)NC(=O)C(Cc2ccccc2)NC(=O)C(Cc2ccc(O)cc2)NC(=O)C(CCCNC(=N)N)NC(=O)C(C(C)CC)NC1=O,Compound_2824,True,1,gnn,6511.56,-26.69,93,92,0.78,0.78
Cc1ccc(-c2ccc(F)cc2COc2ccc(CCC(=O)O)cc2)cc1,Compound_3109,True,1,gnn,364.42,5.4,1,2,0.78,0.78
Cn1c(=O)c(Oc2ccc(F)cc2F)cc2cnc(NC3CCOCC3)nc21,Compound_5821,True,1,gnn,388.37,2.99,1,7,0.76,0.76
CCC(C)C1NC(=O)C(Cc2ccc(O)cc2)NC(=O)C(N)CSSCC(C(=O)N2CCCC2C(=O)NC(CC(C)C)C(=O)NCC(N)=O)NC(=O)C(CC(N)=O)NC(=O)C(CCC(N)=O)NC1=O,Compound_4912,True,1,gnn,1007.21,-3.61,12,15,0.75,0.75
Oc1ccc(Cl)c2c1CCC2,Compound_1048,True,1,gnn,168.62,2.53,1,1,0.74,0.74
CCCc1c(OCCCOc2ccc(OCC(=O)O)cc2)ccc(C(C)=O)c1O,Compound_5493,True,1,gnn,402.44,3.86,2,6,0.74,0.74
CC(C)(C)NCC(O)c1ccc(O)c(CO)c1.CC(C)(C)NCC(O)c1ccc(O)c(CO)c1.O=C(O)C(O)C(O)C(=O)O,Compound_5431,True,1,gnn,628.72,0.49,12,12,0.73,0.73
O=C(Nc1c(Cl)c[n+]([O-])cc1Cl)c1ccc(OC(F)F)c(OCC2CC2)c1,Compound_4468,True,1,gnn,419.21,4.27,1,4,0.73,0.73
COc1cc(NC(=O)CCN2CCC(OC(=O)Nc3ccccc3-c3ccccc3)CC2)c(Cl)cc1CNCC(O)c1ccc(O)c2[nH]c(=O)ccc12,Compound_4557,True,1,gnn,740.26,6.43,6,9,0.72,0.72
NC(Cn1ccc(=O)c(O)c1)C(=O)O,Compound_2891,True,1,gnn,198.18,-1.03,3,5,0.72,0.72
N#Cc1c(Oc2cccc(O[S@SP3](=O)(=O)CCCC(F)(F)F)c2)cccc1C(F)(F)F,Compound_2980,True,1,gnn,453.36,5.42,0,5,0.71,0.71
COc1ccc(-c2oc3c(CC=C(C)C)c(O)cc(O)c3c(=O)c2OC2OC(C)C(O)C(O)C2O)cc1,Compound_2762,True,1,gnn,514.53,2.59,5,10,0.7,0.7
O=C(O)CCc1ccc(NCc2cccc(Oc3ccccc3)c2)cc1,Compound_2019,True,1,gnn,347.41,5.11,2,3,0.7,0.7
CC(C)(O)CNc1nc(Nc2ccnc(C(F)(F)F)c2)nc(-c2cccc(C(F)(F)F)n2)n1,Compound_8,True,1,gnn,473.38,4.29,3,8,0.69,0.69
Cl.NC12CC3CC(CC(C3)C1)C2,Compound_1131,True,1,gnn,187.71,2.34,1,1,0.68,0.68
COc1cc(CCC(=O)CC(=O)CCc2ccc(O)c(OC)c2)ccc1O,Compound_3036,True,1,gnn,372.42,3.21,2,6,0.68,0.68
CC(OC1OCCN(Cc2nn([P@SP1](=O)(O)O)c(=O)[nH]2)C1c1ccc(F)cc1)c1cc(C(F)(F)F)cc(C(F)(F)F)c1.CNCC(O)C(O)C(O)C(O)CO.CNCC(O)C(O)C(O)C(O)CO,Compound_2053,True,1,gnn,1004.84,-2.35,15,19,0.67,0.67
CC(C)=CCc1cc2ccc(=O)oc2cc1O,Compound_5133,True,1,gnn,230.26,3.01,1,3,0.67,0.67
CNC1C(=O)NC2Cc3ccc(cc3)Oc3cc4cc(c3OC3OC(C(=O)O)C(O)C(O)C3NC(=O)CCCCCCCCC(C)C)Oc3ccc(cc3Cl)C(O)C3NC(=O)C(NC(=O)C4NC(=O)C(NC2=O)c2cc(cc(O)c2Cl)Oc2cc1ccc2O)c1ccc(O)c(c1)-c1c(OC2OC(CO)C(O)C(O)C2O)cc(O)cc1C(C(=O)O)NC3=O,Compound_88,True,1,gnn,1732.55,4.18,21,28,0.66,0.66
CC(=O)NC1C(OC2c3ccc(c(Cl)c3)Oc3cc4cc(c3OC3OC(CO)C(O)C(O)C3N)Oc3ccc(cc3Cl)CC3NC(=O)C(N)c5ccc(O)c(c5)Oc5cc(O)cc(c5)C(NC3=O)C(=O)NC4C(=O)NC3C(=O)NC2C(=O)NC(C(=O)O)c2cc(O)cc(OC4OC(CO)C(O)C(O)C4O)c2-c2cc3ccc2O)OC(CO)C(O)C1O,Compound_1998,True,1,gnn,1725.43,-2.13,24,33,0.66,0.66
CC12CC3CC(C)(C1)CC(N)(C3)C2.Cl,Compound_1165,True,1,gnn,215.77,3.12,1,1,0.64,0.64
COc1cc(CC(COC2OC(CO)C(O)C(O)C2O)C(COC2OC(CO)C(O)C(O)C2O)Cc2ccc(O)c(OC)c2)ccc1O,Compound_2887,True,1,gnn,686.7,-2.23,10,16,0.64,0.64
CC(N)C12CC3CC(CC(C3)C1)C2.Cl,Compound_1418,True,1,gnn,215.77,2.97,1,1,0.63,0.63
Cn1c(=O)c(Oc2ccc(F)cc2F)cc2cnc(NC(CCO)CCO)nc21,Compound_3369,True,1,gnn,406.39,1.94,3,8,0.63,0.63
COc1cc2cc(Oc3ccc4ccc(=O)oc4c3)c(=O)oc2cc1O,Compound_3560,True,1,gnn,352.3,3.41,1,7,0.63,0.63
CC1(F)C(O)C(CO)OC1n1ccc(=O)[nH]c1=O,Compound_1678,True,1,gnn,260.22,-1.48,3,6,0.62,0.62
NC(CO)(CO)CO.NC(CO)(CO)CO.Nc1nccc(Oc2ccc(NC(=O)c3cn(CO[P@SP2](=O)(O)O)cc(-c4ccc(F)cc4)c3=O)cc2F)c1Cl,Compound_5093,True,1,gnn,821.12,-0.14,12,16,0.62,0.62
Cc1cccc(Nc2cc(Cl)nc(SCC(=O)O)n2)c1C,Compound_1630,True,1,gnn,323.81,3.67,2,5,0.62,0.62
Cc1cc(O)c(C(=O)CCC(C)C)c(=O)o1,Compound_3857,True,1,gnn,224.26,2.27,1,4,0.61,0.61
Cc1cc(Nc2nc(NC(C)c3ccc(F)cc3)c(C#N)cc2F)n[nH]1,Compound_2823,True,1,gnn,354.36,4.18,3,5,0.61,0.61
O=C(O)C(O)C(O)C(=O)O.Oc1ccc2c(c1)CCC(c1ccccc1)C2c1ccc(OCCN2CCCC2)cc1,Compound_5981,True,1,gnn,563.65,3.61,5,7,0.6,0.6
COc1nc(OCc2cccc(-c3ccccc3)c2C)ccc1CNCCNC(C)=O,Compound_1837,True,1,gnn,419.53,3.87,2,5,0.6,0.6
CCC1OC(=O)C(C)(F)C(=O)C(C)C(OC2OC(C)CC(N(C)C)C2O)C(C)(OC)CC(C)C(=O)C(C)C2N(CCCCn3cc(-c4cccc(N)c4)nn3)C(=O)OC12C,Compound_2046,True,1,gnn,845.02,4.6,2,15,0.6,0.6
Cc1ccc(Nc2c(F)cccc2Cl)c(CC(=O)O)c1,Compound_4368,True,1,gnn,293.73,4.16,2,2,0.6,0.6
NC(Cc1ccccc1O)C(=O)O,Compound_2004,True,1,gnn,181.19,0.35,3,3,0.59,0.59
Cc1cc(=O)oc2c(O)c(O)ccc12,Compound_3565,True,1,gnn,192.17,1.51,2,4,0.58,0.58
Cc1cc(Nc2cc(CN3CCOCC3)c3nc(C)c(Cc4ccc(Cl)cc4F)n3n2)n[nH]1,Compound_2377,True,1,gnn,469.95,4.03,2,7,0.58,0.58
CC(CCC(=O)[O-])C1CCC2C3C(O)CC4CC(O)CCC4(C)C3CC(O)C12C.[Na+],Compound_5798,True,1,gnn,430.56,-0.88,3,5,0.58,0.58
C=CC(=O)NC1CCOCC1Nc1ncc2cc(-c3c(Cl)c(OC)cc(OC)c3Cl)ccc2n1,Compound_3282,True,1,gnn,503.39,4.49,2,7,0.57,0.57
CCCC(CCC)C(=O)Nc1ccn(C2OC(CO)C(O)C2(F)F)c(=O)n1,Compound_4137,True,1,gnn,389.4,1.28,3,7,0.56,0.56
COc1cc(C(=O)O)ccc1NC(=O)C1NC(CC(C)(C)C)C(C#N)(c2ccc(Cl)cc2F)C1c1cccc(Cl)c1F,Compound_2956,True,1,gnn,616.49,6.94,3,5,0.56,0.56
CCc1c(C(=O)NNC(=O)C(O)c2cc(F)cc(F)c2)ccc(O)c1C,Compound_5258,True,1,gnn,364.35,2.04,4,4,0.56,0.56
C=C(C)C1CC=C(C)CC1,Compound_5801,True,1,gnn,136.24,3.31,0,0,0.56,0.56
C=C(C)C1CCC2(C(=O)O)CCC3(C)C(CCC4C5(C)CCC(=O)C(C)(C)C5CCC43C)C12,Compound_3648,True,1,gnn,454.7,7.3,1,2,0.55,0.55
C=C1CCC2(C)CCC3(C)C(CCC4C5(C)CCC(OC(C)=O)C(C)(C)C5CCC43C)C2C1C,Compound_5146,True,1,gnn,468.77,8.6,0,2,0.55,0.55
CC(CCC(=O)[O-])C1CCC2C3C(=O)CC4CC(=O)CCC4(C)C3CC(=O)C12C.[Na+],Compound_439,True,1,gnn,424.51,-0.26,0,5,0.55,0.55
CC(=O)C1CCC2C3CCC4CC(O)CCC4(C)C3CCC12C,Compound_5383,True,1,gnn,318.5,4.6,1,2,0.55,0.55
CC(=O)C1CCC2C3CCC4CC(O)CCC4(C)C3CCC12C,Compound_4904,True,1,gnn,318.5,4.6,1,2,0.55,0.55
CN1CCC23CCCCC2C1Cc1ccc(O)cc13.O=C(O)C(O)C(O)C(=O)O,Compound_4008,True,1,gnn,407.46,0.96,5,6,0.55,0.55
COc1cc(N)c(Cl)cc1C(=O)NC1CCN(Cc2ccccc2)CC1.O=C(O)CC(O)C(=O)O,Compound_5441,True,1,gnn,507.97,2.23,5,7,0.55,0.55
CC(CCC(=O)O)C1CCC2C3CCC4CC(O)CCC4(C)C3CCC12C,Compound_741,True,1,gnn,376.58,5.51,2,2,0.54,0.54
Cc1cc(Nc2cc(Cl)nc(Oc3ccc([N+](=O)[O-])cc3)n2)n[nH]1,Compound_4077,True,1,gnn,346.73,3.61,2,7,0.54,0.54
CC(C)=CCCC(C)(O)C1CCC2(C)C1C(O)CC1C3(C)CCC(O)C(C)(C)C3CCC12C,Compound_1795,True,1,gnn,460.74,6.5,3,3,0.54,0.54
CC(=O)OC1(C)CCC23CC1C(C)(C)C2CCC3C,Compound_25,True,1,gnn,264.41,4.18,0,2,0.54,0.54
CC1(C(O)CO)C=C2CCC3C(C)(CO)CC(O)CC3(C)C2CC1,Compound_3703,True,1,gnn,338.49,2.25,4,4,0.54,0.54
CC(C)=CCCC(C)(O)C1CCC2(C)C1C(O)CC1C3(C)CCC(O)C(C)(C)C3C(O)CC12C,Compound_1934,True,1,gnn,476.74,5.47,4,4,0.54,0.54
NCCCCC(NC(=O)C1CCCN1C(=O)C1CSSCC(N)C(=O)NC(Cc2ccccc2)C(=O)NC(Cc2ccccc2)C(=O)NC(CCC(N)=O)C(=O)NC(CC(N)=O)C(=O)N1)C(=O)NCC(N)=O,Compound_1386,True,1,gnn,1040.24,-4.03,12,15,0.54,0.54
CC(C)(O)c1cc(Nc2cc(Oc3cn(C4CC4)nc3C3CCOCC3)ccn2)ccn1,Compound_4950,True,1,gnn,435.53,4.67,2,8,0.54,0.54
CC(=O)C1CCC2C3CC=C4CC(O)CCC4(C)C3CCC12C,Compound_1061,True,1,gnn,316.49,4.52,1,2,0.53,0.53
O=C(O)C1OC(Oc2cc(O)c3c(=O)cc(-c4ccc(O)c(O)c4)oc3c2)C(O)C(O)C1O,Compound_3893,True,1,gnn,462.36,-0.15,7,11,0.53,0.53
CCC(C)C1NC(=O)C(Cc2ccc(OC)cc2)NC(=O)CCCSCC(C(=O)N2CCCC2C(=O)NC(CC(C)C)C(=O)NCC(N)=O)NC(=O)C(CC(N)=O)NC(=O)C(CCC(N)=O)NC1=O,Compound_5754,True,1,gnn,988.18,-2.5,10,13,0.53,0.53
CC(CCC(=O)O)C1CCC2C3CC(O)C4CC(O)CCC4(C)C3CCC12C,Compound_946,True,1,gnn,392.58,4.48,3,3,0.53,0.53
CC1CCC2(NC1)OC1CC3C4CCC5CC(O)CCC5(C)C4CCC3(C)C1C2C.Cl,Compound_4568,True,1,gnn,452.12,5.79,2,3,0.53,0.53
CC(CCC(=O)O)C1CCC2C3CCC4CC(O)CCC4(C)C3CC(O)C12C,Compound_846,True,1,gnn,392.58,4.48,3,3,0.53,0.53
C=C(CCC(C(=O)O)C1C(O)CC2(C)C3=C(CCC12C)C1(C)CCC(OC(C)=O)C(C)(C)C1CC3)C(C)C,Compound_3601,True,1,gnn,528.77,7.33,2,4,0.53,0.53
CC(=O)OC(C(O)CC(C)C1=C2CC(O)C3C4(C)CCC(=O)C(C)(C)C4CCC3(C)C2(C)CC1)C(C)(C)O,Compound_3544,True,1,gnn,532.76,5.37,3,6,0.53,0.53
C=C(C)C1CC=C(CO)CC1,Compound_2680,True,1,gnn,152.24,2.28,1,1,0.53,0.53
IC12CC3CC(CC(C3)C1)C2,Compound_4038,True,1,gnn,262.13,3.39,0,0,0.53,0.53
CC(=O)OC(CC(C)C1=C2CC(O)C3C4(C)CCC(=O)C(C)(C)C4CCC3(C)C2(C)CC1)C1OC1(C)C,Compound_3592,True,1,gnn,514.75,6.41,1,5,0.53,0.53
CC(CCC(=O)O)C1CCC2C3C(O)CC4CC(O)CCC4(C)C3CCC12C,Compound_1058,True,1,gnn,392.58,4.48,3,3,0.53,0.53
CC(CCC(=O)O)C1CCC2C3C(O)CC4CC(O)CCC4(C)C3CCC12C,Compound_914,True,1,gnn,392.58,4.48,3,3,0.53,0.53
CC(C)=CCCC(C(=O)O)C1CCC2(C)C3=C(CCC12C)C1(C)CCC(=O)C(C)(C)C1CC3,Compound_3597,True,1,gnn,454.7,7.75,1,2,0.53,0.53
CNC1(C)C2CCC(C2)C1(C)C.Cl,Compound_1458,True,1,gnn,203.76,2.84,1,1,0.53,0.53
CC(=O)c1c(O)ccc2ccc(=O)oc12,Compound_5854,True,1,gnn,204.18,1.7,1,4,0.53,0.53
C=C(C)C1CCC2(C)C(CC=C3C4C(C)C(C)CCC4(C)CCC32C)C1(C)CCC(=O)O,Compound_3022,True,1,gnn,440.71,8.28,1,1,0.53,0.53
CC(=O)OC1CC2CCC1(C)C2(C)C.CC(=O)OC1CC2CCC1(C)C2(C)C,Compound_74,True,1,gnn,392.58,5.53,0,4,0.52,0.52
CCC1C(O)C2C3CCC(C(C)CCC(=O)O)C3(C)CCC2C2(C)CCC(O)CC12,Compound_2065,True,1,gnn,420.63,5.11,3,3,0.52,0.52
CC1=CC2C(CC1)C(C)CCC2C(C)C(=O)O,Compound_4404,True,1,gnn,236.36,3.73,1,1,0.52,0.52
O=C(O)CCCCN(CCc1ccccc1OCc1ccc(CCc2ccccc2)cc1)Cc1ccc(C(=O)O)cc1,Compound_1466,True,1,gnn,565.71,7.05,2,4,0.52,0.52
C=C(C)C1CCC2(C(=O)O)CCC3(C)C(CCC4C5(C)CCC(O)C(C)(C)C5CCC43C)C12,Compound_1205,True,1,gnn,456.71,7.09,2,2,0.52,0.52
COC(=O)c1ccc(O)c(NC(=O)COc2ccc(C34CC5CC(CC(C5)C3)C4)cc2)c1,Compound_3012,True,1,gnn,435.52,4.66,2,5,0.52,0.52
CC(CC(O)C1OC1(C)C)C1=C2CC(O)C3C4(C)CCC(=O)C(C)(C)C4CCC3(C)C2(C)CC1,Compound_5225,True,1,gnn,472.71,5.84,2,4,0.52,0.52
CC(C)=CCC(O)/C(C)=C/COC1OC(CO)C(O)C(O)C1O,Compound_3466,True,1,gnn,332.39,-0.53,5,7,0.52,0.52
Oc1c(I)cc(Cl)c2cccnc12,Compound_987,True,1,gnn,305.5,3.2,1,2,0.51,0.51
CC(CCC(=O)O)C1CCC2C3C(O)CC4CC(O)CCC4(C)C3CC(O)C12C,Compound_862,True,1,gnn,408.58,3.45,4,4,0.51,0.51
CC(CCC(=O)O)C1CCC2C3C(O)CC4CC(O)CCC4(C)C3CC(O)C12C,Compound_5324,True,1,gnn,408.58,3.45,4,4,0.51,0.51
CC(=O)OC1CCC2(C)C(=CCC3C4CCC(=O)C4(C)CCC32)C1,Compound_1064,True,1,gnn,330.47,4.45,0,3,0.51,0.51
CC(CCC(=O)NCC(=O)O)C1CCC2C3CC(O)C4CC(O)CCC4(C)C3CCC12C,Compound_5834,True,1,gnn,449.63,3.59,4,4,0.51,0.51
CCC1=CC2C(C1)CC2(CN)CC(=O)O,Compound_5733,True,1,gnn,209.29,1.78,2,2,0.51,0.51
CC(CCC(=O)NCC(=O)O)C1CCC2C3C(O)CC4CC(O)CCC4(C)C3CCC12C,Compound_4919,True,1,gnn,449.63,3.59,4,4,0.51,0.51
C=C(C)C1CCC2(CO)CCC3(C)C(CCC4C5(C)CCC(O)C(C)(C)C5CCC43C)C12,Compound_1833,True,1,gnn,442.73,7.0,2,2,0.51,0.51
Cc1cc(=O)oc2cc(O)ccc12,Compound_1121,True,1,gnn,176.17,1.81,1,3,0.51,0.51
C=C(C)C1CCC2(C(=O)O)CCC3(C)C(CCC4C5(C)CCC(O)C(C)(CO)C5CCC43C)C12,Compound_3809,True,1,gnn,472.71,6.06,3,3,0.51,0.51
CCC1OC(=O)CC(O)C(C)C(OC2OC(C)C(OC3CC(C)(O)C(O)C(C)O3)C(N(C)C)C2O)C(CC=O)CC(C)C(=O)/C=C\C(C)=C\C1COC1OC(C)C(O)C(OC)C1OC.O=C(O)C(O)C(O)C(=O)O,Compound_1069,True,1,gnn,1066.2,-0.29,9,22,0.51,0.51
C=C(C)C1CCC2(C)CCC3(C)C(CCC4C5(C)CCC(=O)C(C)(C)C5CCC43C)C12,Compound_5132,True,1,gnn,424.71,8.23,0,1,0.51,0.51
CC(=O)OC1C(=O)C2(C)C(O)CC3OCC3(OC(C)=O)C2C(OC(=O)c2ccccc2)C2(O)CC(OC(=O)C(O)C(NC(=O)c3ccccc3)c3ccccc3)C(C)=C1C2(C)C,Compound_1968,True,1,gnn,853.92,3.74,4,14,0.5,0.5
Cc1cc(Nc2nc(NC(C)c3ncc(F)cn3)ncc2Cl)[nH]n1,Compound_2408,True,1,gnn,348.77,3.01,3,7,0.5,0.5
COc1ccc(N(C)c2nc(C)nc3ccccc23)cc1OCCCC(=O)NO,Compound_5126,True,1,gnn,396.45,3.38,2,7,0.5,0.5
O=C(O)CC1CC(c2ccccc2)=NO1,Compound_2124,True,1,gnn,205.21,1.65,1,3,0.5,0.5
CCn1c(=O)c(-c2ccc(-c3cncc(C)n3)cc2Cl)cc2cnc(NCCC3CCN(C)CC3)nc21,Compound_4451,True,1,gnn,518.07,5.04,1,8,0.5,0.5
CC(=O)OC1C2C(OC(=O)Cc3ccccc3)C(C)CC2(OC(C)=O)C(=O)/C(C)=C/C2C(CCC13CO3)C2(C)C,Compound_3775,True,1,gnn,552.66,4.38,0,8,0.5,0.5
C=C1CCC2C(/C=C(\C)C(=O)C3(OC(C)=O)CC(C)C(OC(=O)c4ccccc4)C3C1OC(C)=O)C2(C)C,Compound_3567,True,1,gnn,522.64,5.24,0,7,0.5,0.5
Nc1nc(NC2CC2)cc(-c2cccc(Cl)c2Cl)n1,Compound_2129,True,1,gnn,295.17,3.61,2,4,0.5,0.5
COc1cc(C(O)(CCN(C)C)C(c2cc3cc(Br)ccc3nc2OC)c2cccc(OC)c2F)cc(OC)n1,Compound_5447,True,1,gnn,614.51,5.54,1,8,0.5,0.5
CC(=O)OC1CC2(O)C(OC(=O)c3ccccc3)C3C4(OC(C)=O)COC4CC(O)C3(C)C(O)C(OC(C)=O)C(=C1C)C2(C)C,Compound_4969,True,1,gnn,630.69,2.02,3,12,0.5,0.5
Cc1ccc(/C=C2\SC(=S)N(CCCCCC(=O)Nc3ccc(C(=O)O)c(O)c3)C2=O)cc1,Compound_4327,True,1,gnn,484.6,4.8,3,6,0.5,0.5
O=C(Nc1cc(Oc2cc(F)c(NC(=O)C3(C(=O)Nc4ccc(F)cc4)CC3)cc2F)ccn1)C1CC1,Compound_2336,True,1,gnn,510.47,5.0,3,5,0.5,0.5
Cc1cnc(CNCC2(F)CCN(C(=O)c3ccc(F)c(Cl)c3)CC2)nc1,Compound_5427,True,1,gnn,394.85,3.31,1,4,0.5,0.5
Cc1ccc(Nc2nc(N)c3ccccc3n2)cc1Cl,Compound_6009,True,1,gnn,284.75,3.92,2,4,0.5,0.5
CC(C)(Oc1ccc(C(=O)c2ccc(Cl)cc2)cc1)C(=O)O,Compound_1127,True,1,gnn,318.76,3.81,1,3,0.5,0.5
CCN1CC2(COC)C(OC(C)=O)CC(OC)C34C5CC6(O)C(OC)C(O)C(OC(C)=O)(C5C6OC(=O)c5ccccc5)C(C(OC)C23)C14,Compound_3948,True,1,gnn,687.78,1.22,2,13,0.5,0.5
CC(=O)OC1C(=O)C2(C)C(O)CC3OCC3(OC(C)=O)C2C(OC(=O)c2ccccc2)C2(O)CC(O)C(C)=C1C2(C)C,Compound_839,True,1,gnn,586.63,1.65,3,11,0.5,0.5
COc1ccc2cccc(CCNC(C)=O)c2c1,Compound_1177,True,1,gnn,243.31,2.53,1,2,0.5,0.5
O=C(O)C1(c2ccc(-c3ccc(Cl)c(Cl)c3)c(F)c2)CC1,Compound_1651,True,1,gnn,325.17,4.92,1,1,0.5,0.5
CC(=O)OC1C(=O)C2(C)C(O)CC3OCC3(OC(C)=O)C2C(OC(=O)c2ccccc2)C2(O)CC(OC(=O)C(O)C(NC(=O)c3ccccc3)c3ccccc3)C(C)=C1C2(C)C,Compound_3478,True,1,gnn,853.92,3.74,4,14,0.5,0.5
COC1C(=O)C2(C)C(OC)CC3OCC3(OC(C)=O)C2C(OC(=O)c2ccccc2)C2(O)CC(OC(=O)C(O)C(NC(=O)OC(C)(C)C)c3ccccc3)C(C)=C1C2(C)C,Compound_1714,True,1,gnn,835.94,4.57,3,14,0.5,0.5
Cn1cc(-c2cc(Oc3cc(F)c(NC(=O)C4(C(=O)Nc5ccccc5)CC4)cc3F)ccn2)cn1,Compound_4063,True,1,gnn,489.48,4.91,2,6,0.5,0.5
CC1(C)SC2C(NC(=O)Cc3ccccc3)C(=O)N2C1C(=O)O.CCN(CC)CCOC(=O)c1ccc(N)cc1,Compound_4388,True,1,gnn,570.71,2.63,3,8,0.5,0.5
CCN1CC2(COC)CCC(OC)C34C5CC6(O)C(OC)C(O)C(OC(C)=O)(C5C6OC(=O)c5ccccc5)C(C(OC)C23)C14,Compound_3614,True,1,gnn,629.75,1.68,2,11,0.5,0.5
Cn1ncc2c1-c1c(Oc3ccc(OCc4ccc5ccccc5n4)cc3)sc(C(N)=O)c1CC2,Compound_4473,True,1,gnn,482.57,5.27,1,7,0.5,0.5
CCN(CC)CCOc1ccc(Nc2ncc3cc(-c4c(Cl)cccc4Cl)c(=O)n(C)c3n2)cc1,Compound_4463,True,1,gnn,512.44,5.77,1,7,0.5,0.5
Nc1nc(=O)n(-c2cccc(-c3ccccc3)c2)cc1Cl,Compound_4810,True,1,gnn,297.74,3.14,1,4,0.5,0.5
CC(C)(O)CNc1ncc(-c2ccnc(Nc3ccnc(Cl)c3)n2)c(CC2CC2)n1,Compound_5020,True,1,gnn,425.92,3.86,3,8,0.5,0.5
O=C(O)CCC1CCC(c2cc(F)ccc2F)([S@TB13](=O)(=O)c2ccc(Cl)cc2)CC1,Compound_2368,True,1,gnn,442.91,5.34,1,3,0.5,0.5
CCOC1OC(=O)CC1NC(=O)C1CCCN1C(=O)C(NC(=O)c1ccc(N)c(Cl)c1)C(C)(C)C,Compound_2570,True,1,gnn,509.0,1.85,3,7,0.5,0.5
CC(=O)OCC12C(OC(C)=O)C(OC(C)=O)C3C(OC(C)=O)C14OC3(C)COC(=O)c1cccnc1CCC(C)C(=O)OC(C(OC(=O)c1ccccc1)C2OC(C)=O)C4(C)O,Compound_3887,True,1,gnn,867.85,2.16,1,19,0.5,0.5
C=C1C(OC(=O)c2ccccc2)CC2C(/C=C(/C)C(=O)C3(OC(C)=O)CC(C)C(OC(=O)c4ccccc4)C3C1OC(C)=O)C2(C)C,Compound_5167,True,1,gnn,642.75,6.07,0,9,0.5,0.5
CC(=O)OC1C2C(OC(=O)Cc3ccccc3)C(C)CC2(OC(C)=O)C(=O)/C(C)=C/C2C(CCC13CO3)C2(C)C,Compound_2571,True,1,gnn,552.66,4.38,0,8,0.5,0.5
CSc1cccc(Nc2ncc3cc(-c4c(Cl)cccc4Cl)c(=O)n(C)c3n2)c1,Compound_2281,True,1,gnn,443.36,5.77,1,6,0.5,0.5
COc1cc(C(N)=O)ccc1NC(=O)C1NC(CC(C)(C)C)C2(C(=O)Nc3cc(Cl)ccc32)C1c1cccc(Cl)c1F,Compound_3224,True,1,gnn,613.52,5.63,4,5,0.5,0.5
COc1ccc2[nH]cc(C3=CCNCC3)c2c1.COc1ccc2[nH]cc(C3=CCNCC3)c2c1.O=C(O)CCC(=O)O,Compound_1754,True,1,gnn,574.68,5.04,6,6,0.5,0.5
Cc1ccc(Oc2nc3cc(-c4ccc(-c5ccccc5)cc4)c(Cl)cc3[nH]2)cc1C(=O)O,Compound_5012,True,1,gnn,454.91,7.35,2,3,0.5,0.5
CC12CC(O)C3CC1(OC1OC(CO)C(O)C(O)C1O)C3(COC(=O)c1ccccc1)C(=O)O2,Compound_3637,True,1,gnn,480.47,-1.51,5,11,0.5,0.5
CC12CC3(O)OC(O1)C1(COC(=O)c4ccccc4)C3CC21OC1OC(COC(=O)c2ccccc2)C(O)C(O)C1O,Compound_3632,True,1,gnn,584.57,0.51,4,12,0.5,0.5
CC(=O)OC12COC1CC(O)C1(C)C(=O)C(O)C3=C(C)C(OC(=O)C(O)C(NC(=O)c4ccccc4)c4ccccc4)CC(O)(C(OC(=O)c4ccccc4)C21)C3(C)C,Compound_5199,True,1,gnn,811.88,3.16,5,13,0.5,0.5
O=C(O)CCC(=O)O.O=C(OC1CN2CCC1CC2)N1CCc2ccccc2C1c1ccccc1,Compound_1919,True,1,gnn,480.56,3.8,2,5,0.5,0.5
CC1(C)SC2C(NC(=O)C(N)c3ccccc3)C(=O)N2C1C(=O)O,Compound_732,True,1,gnn,349.41,0.32,3,5,0.5,0.5
CC(=O)O.Cc1c(-c2ccc(O)cc2)n(Cc2ccc(OCCN3CCCCCC3)cc2)c2ccc(O)cc12,Compound_1704,True,1,gnn,530.67,6.42,3,6,0.5,0.5
COC1CC(OC2CCC3(C)C(CCC45OC46CCC(C(C)=O)C6(C)C(OC(C)=O)C(OC(=O)c4ccccc4)C35)C2)OC(C)C1OC1OC(C)C(O)C(OC)C1O,Compound_3854,True,1,gnn,814.97,4.29,2,14,0.5,0.5
CC12CC3(O)OC(O1)C1(COC(=O)c4ccc(O)cc4)C3CC21OC1OC(COC(=O)c2ccccc2)C(O)C(O)C1O,Compound_5858,True,1,gnn,600.57,0.21,5,13,0.5,0.5
C/C=C(\C)C(=O)NC(c1ccccc1)C(O)C(=O)OC1CC2(O)C(OC(=O)c3ccccc3)C3C4(OC(C)=O)COC4CC(O)C3(C)C(=O)C(OC(C)=O)C(=C1C)C2(C)C,Compound_1932,True,1,gnn,831.91,3.39,4,14,0.5,0.5
CC(=O)OC1C(c2ccc(=O)oc2)C2(C)CCC3C(CCC4CC(O)CCC43C)C23OC13,Compound_2752,True,1,gnn,442.55,3.8,1,6,0.5,0.5
Nc1nc(N)nc(NC2CC2)n1,Compound_1056,True,1,gnn,166.19,-0.39,3,6,0.5,0.5
O=C(O)C(c1ccccc1)(c1ccccc1)c1ccccc1.OCc1cc(C(O)CNCCCCCCOCCOCc2c(Cl)cccc2Cl)ccc1O,Compound_6147,True,1,gnn,774.78,8.71,5,7,0.5,0.5
CC1(C)SC2C(NC(=O)C(N)c3ccc(O)cc3)C(=O)N2C1C(=O)O,Compound_561,True,1,gnn,365.41,0.02,4,6,0.5,0.5
COCC12CCC(OC)C34C5CC6(O)C(OC)C(O)C(OC(C)=O)(C5C6OC(=O)c5ccccc5)C(C(OC)C13)C4N(C)C2,Compound_3759,True,1,gnn,615.72,1.29,2,11,0.5,0.5
Nc1ccn(C2OC(CO)C(O)C2(F)F)c(=O)n1,Compound_323,True,1,gnn,263.2,-1.29,3,7,0.5,0.5
CC(=O)Oc1ccc(C(=C2CCCCC2)c2ccc(OC(C)=O)cc2)cc1,Compound_5986,True,1,gnn,364.44,5.3,0,4,0.5,0.5
CCOc1ccc(Cc2cc(C34OCC(CO)(O3)C(O)C(O)C4O)ccc2Cl)cc1,Compound_4768,True,1,gnn,436.89,1.36,4,7,0.5,0.5
O=C(CCCCCCC(=O)Nc1ccc(C2OC(CSc3nc(-c4ccccc4)c(-c4ccccc4)o3)CC(c3ccc(CO)cc3)O2)cc1)NO,Compound_4479,True,1,gnn,721.88,8.62,4,9,0.5,0.5
Cc1cnc(Nc2ccc(N3CCN(C)CC3)cc2)nc1Nc1cccc([S@SP3](=O)(=O)NC(C)(C)C)c1,Compound_2280,True,1,gnn,509.68,4.1,3,8,0.5,0.5
CC(=O)OC12COC1CC(OC1OCC(O)C(O)C1O)C1(C)C(=O)C(O)C3=C(C)C(OC(=O)C(O)C(NC(=O)c4ccccc4)c4ccccc4)CC(O)(C(OC(=O)c4ccccc4)C21)C3(C)C,Compound_5219,True,1,gnn,944.0,1.63,7,17,0.5,0.5
O=C(NCC1CCOCC1)c1cnc(Nc2ccc(Cl)cc2Cl)nc1C(F)(F)F,Compound_5000,True,1,gnn,449.26,4.7,2,5,0.5,0.5
C=C(C)C1CCC2(C=O)CCC3(C)C(CCC4C5(C)CCC(O)C(C)(C)C5CCC43C)C12,Compound_3091,True,1,gnn,440.71,7.2,1,2,0.5,0.5
COc1ccc2cc(CCC(C)=O)ccc2c1,Compound_802,True,1,gnn,228.29,3.37,0,2,0.5,0.5
COc1nc2ccc(Br)cc2cc1C(c1ccccc1)C(O)(CCN(C)C)c1cccc2ccccc12,Compound_1349,True,1,gnn,555.52,7.13,1,4,0.5,0.5
CC(C)(Oc1ccc(CCNC(=O)c2ccc(Cl)cc2)cc1)C(=O)O,Compound_1053,True,1,gnn,361.83,3.55,2,3,0.5,0.5
CC(C)CCCC(C)C1CCC2C3CC=C4CC(O[S@SP3](=O)(=O)[O-])CCC4(C)C3CCC12C.[Na+],Compound_4812,True,1,gnn,488.71,3.88,0,4,0.5,0.5
CC(=O)OC1CCC2(C)C(CCC3(C)C2CC=C2C4CC(C)(C)CCC4(C(=O)O)CCC23C)C1(C)C,Compound_3645,True,1,gnn,498.75,7.8,1,3,0.5,0.5
O=C1c2ccc(Nc3ccc(F)cc3F)cc2CCc2ccc(OCC(O)CO)cc21,Compound_4062,True,1,gnn,425.43,3.77,3,5,0.5,0.5
COCCCN1CCC(NC(=O)c2cc(Cl)c(N)c3c2OCC3)CC1.O=C(O)CCC(=O)O,Compound_5980,True,1,gnn,485.97,2.02,4,7,0.5,0.5
CC(C)=CCCC(C)C1CCC2(C)C3=C(CCC12C)C1(C)CCC(O)C(C)(C)C1CC3,Compound_4667,True,1,gnn,426.73,8.48,1,1,0.5,0.5
CC(C)=CCCC(C)C1CCC2(C)C3=C(CCC12C)C1(C)CCC(O)C(C)(C)C1CC3,Compound_5142,True,1,gnn,426.73,8.48,1,1,0.5,0.5
Cc1cc(C)cc(Oc2ccc(CNC(=O)C(C)N)cc2C)c1,Compound_4977,True,0,gnn,312.41,3.37,2,3,0.5,0.5
C/C=C(\CCC(C)C1CCC2C3CC=C4CC(O)CCC4(C)C3CCC12C)C(C)C,Compound_5906,True,0,gnn,412.7,7.94,1,1,0.5,0.5
C=CCC1(O)CCC2C3CCC4=CCCCC4C3CCC21C,Compound_1710,True,0,gnn,300.49,5.26,1,1,0.5,0.5
CC(CCCC(C)(C)O)C1CCC2C3CC=C4CC(O)CCC4(C)C3CCC12C,Compound_4614,True,0,gnn,402.66,6.5,2,2,0.5,0.5
COc1ccc(C(=O)NC2(C(=O)O)Cc3ccccc3C2)cc1OCCc1cccc(C)c1,Compound_4766,True,0,gnn,445.52,3.98,2,4,0.5,0.5
O=C1C(CCC(O)c2ccc(F)cc2)C(c2ccc(O)cc2)N1c1ccc(F)cc1,Compound_1423,True,0,gnn,409.43,4.89,2,3,0.5,0.5
Nc1nc(-c2ccccc2)c(Br)c(=O)[nH]1,Compound_5110,True,0,gnn,266.1,1.78,2,3,0.5,0.5
CC(C)=CCCC(C)(O)C1CCC2(C)C1C(O)CC1C3(C)CCC(OC4OC(CO)C(O)C(O)C4OC4OC(CO)C(O)C(O)C4O)C(C)(C)C3CCC12C,Compound_2777,True,0,gnn,785.03,2.15,9,13,0.5,0.5
CC(C)=CCCC(C)(O)C1CCC2(C)C1C(O)CC1C3(C)CCC(OC4OC(CO)C(O)C(O)C4OC4OC(CO)C(O)C(O)C4O)C(C)(C)C3CCC12C,Compound_3089,True,0,gnn,785.03,2.15,9,13,0.5,0.5
C=C1CC/C=C(\C)CCC2C1CC2(C)C,Compound_4039,True,0,gnn,204.36,4.73,0,0,0.5,0.5
CC(C)=CCCC(C)(OC1OC(CO)C(O)C(O)C1O)C1CCC2(C)C1C(O)CC1C3(C)CCC(OC4OC(CO)C(O)C(O)C4O)C(C)(C)C3CCC12C,Compound_3034,True,0,gnn,785.03,2.15,9,13,0.49,0.51
CC(C)=CCCC(C)(O)C1CCC2(C)C1C(O)CC1C3(C)CCC(OC4OC(CO)C(O)C(O)C4O)C(C)(C)C3CCC12C,Compound_1807,True,0,gnn,622.88,4.32,6,8,0.49,0.51
CC(C)=CCCC(C)(O)C1CCC2(C)C1C(O)CC1C3(C)CCC(O)C(C)(C)C3C(OC3OC(CO)C(O)C(O)C3OC3OC(C)C(O)C(O)C3O)CC12C,Compound_1827,True,0,gnn,785.03,2.15,9,13,0.49,0.51
CC(C)=CCCC(C)(OC1OC(CO)C(O)C(O)C1O)C1CCC2(C)C1C(O)CC1C3(C)CCC(OC4OC(CO)C(O)C(O)C4OC4OC(CO)C(O)C(O)C4O)C(C)(C)C3CCC12C,Compound_1781,True,0,gnn,947.17,-0.03,12,18,0.49,0.51
C=C(CCC=C(C)C)C1CCC2(C)C1C(O)CC1C3(C)CCC(O)C(C)(C)C3C(OC3OC(CO)C(O)C(O)C3O)CC12C,Compound_3629,True,0,gnn,620.87,4.1,6,8,0.49,0.51
C=C(C)C1CCC2(C(=O)O)CCC3(C)C(CCC4C5(C)CCC(OC(=O)CC(C)(C)C(=O)O)C(C)(C)C5CCC43C)C12,Compound_5321,True,0,gnn,584.84,8.14,2,4,0.49,0.51
CC(C)=CCCC(C)(OC1OC(CO)C(O)C(O)C1O)C1CCC2(C)C1C(O)CC1C3(C)CCC(O)C(C)(C)C3C(O)CC12C,Compound_2808,True,0,gnn,638.88,3.3,7,9,0.49,0.51
CC(C)=CCCC(C)(OC1OC(CO)C(O)C(O)C1O)C1CCC2(C)C1C(O)CC1C3(C)CCC(O)C(C)(C)C3C(OC3OC(CO)C(O)C(O)C3O)CC12C,Compound_1764,True,0,gnn,801.02,1.12,10,14,0.49,0.51
COc1ccc2c(c1OCc1ccccc1)CC(C(=O)O)N(C(=O)C(c1ccccc1)c1ccccc1)C2,Compound_4409,True,0,gnn,507.59,5.44,1,4,0.49,0.51
CC(C)=CCCC(C)(OC1OC(CO)C(O)C(O)C1O)C1CCC2(C)C1C(O)CC1C3(C)CCC(O)C(C)(C)C3CCC12C,Compound_3041,True,0,gnn,622.88,4.32,6,8,0.49,0.51
CC(C)=CCCC(C)(OC1OC(COC2OC(CO)C(O)C2O)C(O)C(O)C1O)C1CCC2(C)C1C(O)CC1C3(C)CCC(OC4OC(CO)C(O)C(O)C4O)C(C)(C)C3CCC12C,Compound_3816,True,0,gnn,917.14,0.61,11,17,0.49,0.51
CC(C)=CC/C=C(/C)C1CCC2(C)C1C(O)CC1C3(C)CCC(OC4OC(CO)C(O)C(O)C4OC4OC(CO)C(O)C(O)C4O)C(C)(C)C3CCC12C,Compound_3542,True,0,gnn,767.01,2.95,8,12,0.49,0.51
OC1(c2ccc(Cl)c(C(F)(F)F)c2)CCN(CCCC(c2ccc(F)cc2)c2ccc(F)cc2)CC1,Compound_702,True,0,gnn,523.97,7.53,1,2,0.49,0.51
CC1CCC2C(C)(C)C3CC12CCC3(C)O,Compound_5235,True,0,gnn,222.37,3.61,1,1,0.49,0.51
CC(C)=CCCC(C)(O)C1CCC2(C)C1C(O)CC1C3(C)CCC(O)C(C)(C)C3C(OC3OC(CO)C(O)C(O)C3OC3OC(CO)C(O)C(O)C3O)CC12C,Compound_3699,True,0,gnn,801.02,1.12,10,14,0.49,0.51
CC(=O)OCC12C(OC(C)=O)C(OC(C)=O)C3C(OC(C)=O)C14OC3(C)COC(=O)c1cccnc1CCC(C)C(=O)OC(C(OC(=O)c1ccoc1)C2OC(C)=O)C4(C)O,Compound_3895,True,0,gnn,857.82,1.75,1,20,0.49,0.51
CC(C)=CCCC(C)(O)C1CCC2(C)C1C(O)CC1C3(C)CCC(O)C(C)(C)C3C(OC3OC(CO)C(O)C(O)C3O)CC12C,Compound_1925,True,0,gnn,638.88,3.3,7,9,0.49,0.51
CC(C)=CCCC(C)(O)C1CCC2(C)C1C(O)CC1C3(C)CCC(O)C(C)(C)C3C(OC3OC(CO)C(O)C(O)C3O)CC12C,Compound_3075,True,0,gnn,638.88,3.3,7,9,0.49,0.51
CCOC(=O)NC1CCC2C(C1)CC1C(=O)OC(C)C1C2/C=C/c1ccc(-c2cccc(F)c2)cn1.O=[S@SP2](=O)(O)O,Compound_1853,True,0,gnn,590.67,4.98,3,7,0.49,0.51
CC(C)=CCCC(C)(OC1OC(CO)C(O)C(O)C1O)C1CCC2(C)C1C(O)CC1C3(C)CCC(O)C(C)(C)C3C(OC3OC(CO)C(O)C(O)C3OC3OC(C)C(O)C(O)C3O)CC12C,Compound_1774,True,0,gnn,947.17,-0.03,12,18,0.49,0.51
CC(C)=CCCC(C)(OC1OC(COC2OC(CO)C(O)C(O)C2O)C(O)C(O)C1O)C1CCC2(C)C1C(O)CC1C3(C)CCC(OC4OC(CO)C(O)C(O)C4O)C(C)(C)C3CCC12C,Compound_2740,True,0,gnn,947.17,-0.03,12,18,0.49,0.51
CNC(=O)c1ccc(C)c(-n2c(C)cc(OCc3ccc(F)cc3F)c(Br)c2=O)c1,Compound_2478,True,0,gnn,477.31,4.43,1,4,0.49,0.51
CC(=O)OC1CCC2(C)C(CCC3C2CCC2(C)C3CC3OC4(CCC(C)CO4)C(C)C32)C1,Compound_4564,True,0,gnn,458.68,6.36,0,4,0.49,0.51
CC12CC3(O)OC(O1)C1(COC(=O)c4ccccc4)C3CC21OC1OC(CO)C(O)C(O)C1O,Compound_493,True,0,gnn,480.47,-1.36,5,11,0.49,0.51
COc1cc(C(C)C)c(Oc2cnc(N)nc2N)cc1I,Compound_1616,True,0,gnn,400.22,3.17,2,6,0.49,0.51
CC1COC(Cn2cncn2)(c2ccc(Oc3ccc(Cl)cc3)cc2Cl)O1,Compound_6143,True,0,gnn,406.27,4.67,0,6,0.49,0.51
CC(=O)OC(C)(C)CCC(=O)C(C)(O)C1C(O)CC2(C)C3CC=C4C(CC(O)C(O)C4(C)C)C3(C)C(=O)CC12C,Compound_3730,True,0,gnn,562.74,3.52,4,8,0.49,0.51
COCC12CN(C)C3C4C(OC)C1C3(C(OC)CC2O)C1CC2(O)C(OC)C(O)C4(OC(C)=O)C1C2OC(=O)c1ccccc1,Compound_3595,True,0,gnn,631.72,0.26,3,12,0.49,0.51
CC(=O)c1cnc2ccc(-c3cc(Cl)c(O)c(Cl)c3)nc2c1NC1CCC(CN(C)C)CC1,Compound_2169,True,0,gnn,487.43,6.04,2,6,0.49,0.51
CC(C(=O)O)c1ccc(-c2ccccc2)c(F)c1,Compound_354,True,0,gnn,244.26,3.68,1,1,0.49,0.51
C=C1CCCC2(C)CCC(C(C)(C)O)CC12,Compound_4037,True,0,gnn,222.37,3.92,1,1,0.49,0.51
CC12CCC3C(CCC4C(C)(C(=O)O)CCCC34C)(CC1=O)C2,Compound_2731,True,0,gnn,318.46,4.44,1,2,0.49,0.51
CC(=O)OC(C)(C)/C=C/C(=O)C(C)(O)C1C(O)CC2(C)C3CC=C4C(CC(O)C(=O)C4(C)C)C3(C)C(=O)CC12C,Compound_2813,True,0,gnn,558.71,3.5,3,8,0.49,0.51
NC(=O)C1CCCCC1C(=O)Nc1ccc(Cl)c(Cl)c1,Compound_3252,True,0,gnn,315.2,3.22,2,2,0.49,0.51
Cc1c(F)cc(C(=O)NC2CC2)cc1-c1ccc(C(=O)NCC(C)(C)C)cn1,Compound_1744,True,0,gnn,383.47,3.86,2,3,0.49,0.51
CC(C)(C)Oc1cccc2nc(N)nc(N)c12,Compound_4001,True,0,gnn,232.29,1.97,2,5,0.49,0.51
CC(=O)OC/C=C(\C)CCC=C(C)C,Compound_5289,True,0,gnn,196.29,3.24,0,2,0.48,0.52
CC(=O)OCC(=O)C1CCC2C3CCC4=CC(=O)CCC4(C)C3CCC12C,Compound_1478,True,0,gnn,372.51,4.27,0,4,0.48,0.52
CC(NCc1ccc(OCc2ccccc2F)cc1)C(N)=O,Compound_5480,True,0,gnn,302.35,2.37,2,3,0.48,0.52
CC(=O)OC1CCC2(C)C(CCC3(C)C2CC=C2C4C(C)C(C)CCC4(C(=O)O)CCC23C)C1(C)C,Compound_3404,True,0,gnn,498.75,7.66,1,3,0.48,0.52
O=C1C2CC3CC1CC(O)(C3)C2,Compound_1410,True,0,gnn,166.22,1.13,1,2,0.48,0.52
CC(C)(O)CCC(=O)C(C)(O)C1C(O)CC2(C)C3CC=C4C(CC(O)C(O)C4(C)C)C3(C)C(=O)CC12C,Compound_3683,True,0,gnn,520.71,2.94,5,7,0.48,0.52
CC(C)(C)OC(=O)NC1CCCCC/C=C\C2CC2(C(=O)N[S@SP3](=O)(=O)C2CC2)NC(=O)C2CC(OC(=O)N3Cc4cccc(F)c4C3)CN2C1=O,Compound_2637,True,0,gnn,731.84,3.14,3,9,0.48,0.52
CCCCC1(CC)C[S@SP1](=O)(=O)c2cc(CNC(CC(=O)O)CC(=O)O)c(OC)cc2C(c2ccccc2)N1,Compound_5124,True,0,gnn,546.69,3.91,4,7,0.48,0.52
CC(=O)OC12COC1CC(O)C1(C)C(=O)C(O)C3=C(C)C(OC(=O)C(O)C(NC(=O)OC(C)(C)C)c4ccccc4)CC(O)(C(OC(=O)c4ccccc4)C21)C3(C)C,Compound_578,True,0,gnn,807.89,3.26,5,14,0.48,0.52
Cc1nc2ccc(CN(C)c3ccc(C(=O)NC(CCC(=O)O)C(=O)O)s3)cc2c(=O)[nH]1,Compound_4199,True,0,gnn,458.5,1.98,4,7,0.48,0.52
CC(=O)C1CCC2C3CCC4CC(=O)CCC4(C)C3CCC12C,Compound_5236,True,0,gnn,316.49,4.8,0,2,0.48,0.52
CC(C)=CCC/C(C)=C\CO,Compound_5206,True,0,gnn,154.25,2.67,1,1,0.48,0.52
C=C(C)C1CC=C(/C=N/O)CC1,Compound_3611,True,0,gnn,165.24,2.75,1,2,0.48,0.52
COC(=O)N(CC(=O)O)Cc1cccc(OCc2nc(-c3ccc(Cl)cc3)oc2C)c1,Compound_5090,True,0,gnn,444.87,4.54,1,6,0.48,0.52
CC12CCC(=O)C=C1CCC1C2C(O)CC2(C)C1CCC2(O)C(=O)COC(=O)CCC(=O)O,Compound_4884,True,0,gnn,462.54,2.2,3,7,0.48,0.52
C=CC1C(OC2OC(CO)C(O)C(O)C2O)OC=C(C(=O)OC)C1CC(=O)O,Compound_3732,True,0,gnn,404.37,-1.89,5,10,0.48,0.52
C/C=C1/C(OC2OC(CO)C(O)C(O)C2O)OC=C(C(=O)OC)C1CC(=O)OCCc1ccc(O)c(O)c1,Compound_3082,True,0,gnn,540.52,-0.63,6,13,0.48,0.52
CC(=O)OCC12CCC(C)C(C)(CCC3=CC(=O)OC3)C1CC(O)C=C2CO,Compound_3914,True,0,gnn,392.49,2.54,2,6,0.48,0.52
C=CC(C)(O)CCC1C(C)(O)CCC2C(C)(C)CCCC21C,Compound_876,True,0,gnn,308.51,4.7,2,2,0.48,0.52
CC(C)(C)c1cc(-c2ccc(F)cc2)nn2cc(C(=O)N3CCNC(=O)C3(C)C)nc12,Compound_5728,True,0,gnn,423.49,3.18,1,5,0.48,0.52
CC(C)=CCC/C(C)=C/CC/C(C)=C/CO,Compound_5767,True,0,gnn,222.37,4.4,1,1,0.48,0.52
NC(=O)CN1CC(O)CC1=O,Compound_696,True,0,gnn,158.16,-1.94,2,3,0.48,0.52
Cc1cc(-c2nnc(N)nc2-c2ccc(F)cc2)cc(Cl)n1,Compound_4281,True,0,gnn,315.74,3.28,1,5,0.48,0.52
CCC1OC(=O)C(C)C(OC2CC(C)(OC)C(O)C(C)O2)C(C)C(OC2OC(C)CC(N(C)C)C2O)C(C)(O)CC(C)/C(=N\OCOCCOC)C(C)C(O)C1(C)O,Compound_650,True,0,gnn,837.06,2.21,5,17,0.48,0.52
CC(CCC(=O)O)C1CCC2C3C(=O)CC4CC(=O)CCC4(C)C3CC(=O)C12C,Compound_95,True,0,gnn,402.53,4.07,1,4,0.47,0.53
C=C(CCC(C(=O)O)C1C(O)CC2(C)C3=CCC(C(=C)C)C(C)(CCC(=O)O)C3=CCC12C)C(C)C,Compound_5904,True,0,gnn,498.7,6.8,3,3,0.47,0.53
O=C(O)CCCN1CCC(OC(c2ccc(Cl)cc2)c2ccccn2)CC1.O=[S@SP2](=O)(O)c1ccccc1,Compound_2910,True,0,gnn,547.07,5.1,2,6,0.47,0.53
CC(C)(Oc1ccc(C2CC2(Cl)Cl)cc1)C(=O)O,Compound_805,True,0,gnn,289.16,3.59,1,2,0.47,0.53
O=C(NO)c1cnc(NC2(c3ccccc3)CC2)nc1,Compound_3241,True,0,gnn,270.29,1.7,3,5,0.47,0.53
NC(=O)C(Cc1ccccc1)NC(=O)C(Cc1ccccc1)NC(=O)C1CCCN1C(=O)C(N)Cc1ccc(O)cc1,Compound_5555,True,0,gnn,571.68,1.19,5,6,0.47,0.53
NC(=O)NC1NC(=O)NC1=O,Compound_733,True,0,gnn,158.12,-2.18,4,3,0.47,0.53
C=C1C(=O)OC2/C=C(\C)C(OC(C)=O)C/C=C(\COC(C)=O)CC(OC(=O)/C(C)=C/CO)C12,Compound_3815,True,0,gnn,462.5,2.1,1,9,0.47,0.53
COc1ccc2cc(OCC3(C(=O)O)CN(C(=O)c4ccc(F)cc4)C3)ccc2c1,Compound_2759,True,0,gnn,409.41,3.59,1,4,0.47,0.53
CN(CCN1CCC(OC(=O)Nc2ccccc2-c2ccccc2)CC1)C(=O)c1ccc(CN2CCC(C(N)=O)CC2)cc1,Compound_5295,True,0,gnn,597.76,4.84,2,6,0.47,0.53
CC(C)C1=CC2C(CCC2(C)O)C(C)(O)CC1,Compound_3814,True,0,gnn,238.37,2.89,2,2,0.47,0.53
COc1c(OC2OC(C(=O)O)C(O)C(O)C2O)cc2oc(-c3ccccc3)cc(=O)c2c1O,Compound_3935,True,0,gnn,460.39,0.45,5,10,0.47,0.53
CC(=O)OCC1=CC2OC(=O)C3=COC(OC4OC(CO)C(O)C(O)C4O)C1C32,Compound_3021,True,0,gnn,414.36,-2.3,4,11,0.47,0.53
C=C(C)C1CCC2(C)CCC(=O)C(C)=C2C1,Compound_3659,True,0,gnn,218.34,4.05,0,1,0.47,0.53
Cc1nnc(C(=O)NC(C)(C)c2nc(C(=O)NCc3ccc(F)cc3)c(O)c(=O)n2C)o1,Compound_2184,True,0,gnn,444.42,0.91,3,9,0.47,0.53
CC(=O)NC1C(NC(=N)N)C=C(C(=O)O)OC1C(O)C(O)CO,Compound_1685,True,0,gnn,332.31,-3.58,8,7,0.47,0.53
CC(O)C1CCC2C3CCC4CC(O)CCC4(C)C3CCC12C,Compound_1322,True,0,gnn,320.52,4.39,2,2,0.47,0.53
CC1OC(OC2C(OC3CC4(C)C(CC(O)C5C(C6(C)CCC(C(C)(C)O)O6)CCC54C)C4(C)CCC(O)C(C)(C)C34)OC(CO)C(O)C2O)C(O)C(O)C1O,Compound_3032,True,0,gnn,801.02,1.36,9,14,0.47,0.53
CC(C)c1cc(-c2ccc(F)c3ccccc23)nc(N)n1,Compound_4882,True,0,gnn,281.33,4.14,1,3,0.47,0.53
CC(C)(OC1OC(CO)C(O)C(O)C1O)C1CCC(O)(CO)C2CC(=O)C(C)(O)C2C1,Compound_3497,True,0,gnn,448.51,-1.94,7,10,0.47,0.53
CCn1c(=O)c(-c2ccc(Cl)cc2Cl)cc2cnc(Nc3ccc(N4CCNCC4)c(F)c3)nc21,Compound_4954,True,0,gnn,513.4,5.08,2,7,0.47,0.53
CC1(C(O)CO)C=C2CCC3C(C)(C)C(OC4OC(CO)C(O)C(O)C4O)CCC3(C)C2CC1,Compound_3944,True,0,gnn,484.63,1.1,6,8,0.47,0.53
CC(C)CC(NC(=O)C1OC1C(=O)O)C(=O)NCCCCNC(=N)N,Compound_2991,True,0,gnn,357.41,-1.25,6,5,0.47,0.53
O=C(CCN1CCN(C(=O)OCc2cc(Cl)cc(Cl)c2)CC1)c1ccc2[nH]c(=O)oc2c1,Compound_2851,True,0,gnn,478.33,3.96,1,6,0.47,0.53
Cc1cc(=O)oc2ccc(O)cc12,Compound_3576,True,0,gnn,176.17,1.81,1,3,0.47,0.53
CC(=O)OCC(=O)C1(O)CCC2C3CCC4=CC(=O)CCC4(C)C3(F)C(O)CC21C,Compound_1551,True,0,gnn,422.49,2.44,2,6,0.47,0.53
CC(C)=CCCC(C)(OC1OC(COC2OCC(O)C(O)C2O)C(O)C(O)C1O)C1CCC2(C)C1C(O)CC1C3(C)CCC(O)C(C)(C)C3C(O)CC12C,Compound_3898,True,0,gnn,771.0,1.76,9,13,0.47,0.53
CC(C)=CCC/C(C)=C/CC/C(C)=C/CC/C(C)=C/CC/C(C)=C/CC/C(C)=C/CC/C(C)=C/CC/C(C)=C/CC/C(C)=C/CO,Compound_2626,True,0,gnn,631.09,14.76,1,1,0.47,0.53
CC(C)=CCCC(C)(O)C1CCC2(C)C1C(O)CC1C3(C)CCC(O)C(C)(C)C3C(OC3OC(CO)C(O)C(O)C3OC3OCC(O)C(O)C3O)CC12C,Compound_3878,True,0,gnn,771.0,1.76,9,13,0.47,0.53
COc1cc(C(=O)NCCOCCOCCOCCNC(=O)CC2N=C(c3ccc(Cl)cc3)c3c(sc(C)c3C)-n3c(C)nnc32)ccc1NC(=O)C1NC(CC(C)(C)C)C(C#N)(c2ccc(Cl)cc2F)C1c1cccc(Cl)c1F,Compound_5348,True,0,gnn,1173.61,10.34,4,14,0.47,0.53
CC(=O)NCC1CN(c2ccc(N3CCOCC3)c(F)c2)C(=O)O1,Compound_131,True,0,gnn,337.35,1.12,1,5,0.47,0.53
CC1(C)CC(O)CC(C)(C)N1O,Compound_4122,True,0,gnn,173.26,1.39,2,3,0.47,0.53
NNC(=O)c1nn(Cc2ccc(Cl)cc2Cl)c2ccccc12,Compound_1757,True,0,gnn,335.19,2.99,2,4,0.47,0.53
CN1CCC(Nc2nc(Nc3ccc(Oc4ccccc4)cc3)c3c(=O)[nH]cc(Br)c3n2)CC1,Compound_2381,True,0,gnn,521.42,5.12,3,7,0.47,0.53
CC(C)=CCCC(C)(OC1OC(CO)C(O)C(O)C1O)C1CCC2(C)C1C(O)CC1C3(C)CCC(O)C(C)(C)C3C(OC3OC(CO)C(O)C(O)C3OC3OCC(O)C(O)C3O)CC12C,Compound_1519,True,0,gnn,933.14,-0.42,12,18,0.46,0.54
CC(C)(OC1OC(CO)C(O)C(O)C1O)C1Cc2cc3ccc(=O)oc3cc2O1,Compound_3028,True,0,gnn,408.4,-0.31,4,9,0.46,0.54
O=C(O)CNC(=O)C1(Nc2ccccc2)CCN(Cc2cccc3ccccc23)CC1,Compound_5872,True,0,gnn,417.51,3.49,3,4,0.46,0.54
Cc1cccc(COc2ccccc2CN(CCC(N)C(=O)O)Cc2ccccc2OCc2cccc(C)c2)c1,Compound_5057,True,0,gnn,538.69,6.27,2,5,0.46,0.54
CC(C)(O)C1CCC(C)(C2C(O)CC3(C)C4CC(O)C5C(C)(C)C(O)CCC56CC46CCC23C)O1,Compound_5189,True,0,gnn,490.73,4.44,4,5,0.46,0.54
CC(C)(O)C1CCC(C)(C2C(O)CC3(C)C4CC(O)C5C(C)(C)C(O)CCC56CC46CCC23C)O1,Compound_2701,True,0,gnn,490.73,4.44,4,5,0.46,0.54
COC(=O)C1=COC(OC2OC(CO)C(O)C(O)C2O)C2C1C(O)CC2(C)OC(C)=O,Compound_3728,True,0,gnn,448.42,-2.47,5,12,0.46,0.54
CCC1OC(=O)C(C)C(OC2CC(C)(OC)C(O)C(C)O2)C(C)C(OC2OC(C)CC(N(C)C)C2O)C(C)(O)CC(C)C2NC(COCCOC)OC(C2C)C1(C)O,Compound_531,True,0,gnn,835.09,2.2,5,16,0.46,0.54
COc1ccc(-c2oc3c(CC=C(C)C)c(OC4OC(CO)C(O)C(O)C4O)cc(O)c3c(=O)c2O)cc1,Compound_3080,True,0,gnn,530.53,1.57,6,11,0.46,0.54
CC(C)(O)C1CCC(C)(C2CCC3(C)C2C(O)CC2C4(C)CCC(O)C(C)(C)C4C(OC4OC(CO)C(O)C(O)C4O)CC23C)O1,Compound_3838,True,0,gnn,654.88,2.51,7,10,0.46,0.54
CC(CCC(=O)NCC(=O)[O-])C1CCC2C3C(O)CC4CC(O)CCC4(C)C3CC(O)C12C.[Na+],Compound_3810,True,0,gnn,487.61,-1.77,4,6,0.46,0.54
NC(=O)CN1CCCC1=O,Compound_94,True,0,gnn,142.16,-0.91,1,2,0.46,0.54
CC(C)=CCCC(C)(OC1OC(COC2OC(CO)C(O)C(O)C2O)C(O)C(O)C1O)C1CCC2(C)C1C(O)CC1C3(C)CCC(OC4OC(CO)C(O)C(O)C4OC4OC(CO)C(O)C(O)C4OC4OCC(O)C(O)C4O)C(C)(C)C3CCC12C,Compound_3905,True,0,gnn,1241.42,-3.74,17,27,0.46,0.54
Cc1noc(C)c1-c1ccc(-c2cc(C(N)=O)c(NC(N)=O)s2)c(OC2CCNC2)c1,Compound_3265,True,0,gnn,441.51,3.02,4,7,0.46,0.54
COc1ccc(C(=O)CCC(=O)O)c2ccccc12,Compound_648,True,0,gnn,258.27,2.9,1,3,0.46,0.54
CC(=O)NC1C(OC(C)C)OC(COC(C)=O)C(OC(C)=O)C1OC(C)=O,Compound_6166,True,0,gnn,389.4,0.07,1,9,0.46,0.54
CN1C(=O)OC(C)(C)C1=O,Compound_345,True,0,gnn,143.14,0.37,0,3,0.46,0.54
CC(C)=CCCC1(C)CCC2(C)C3CCC4(C)C(C)C(=O)CCC4C3(C)CCC2(C)C1,Compound_3471,True,0,gnn,426.73,8.77,0,1,0.46,0.54
CC12CCC3C(CC=C4CC(O)CCC43C)C1CCC2=O,Compound_513,True,0,gnn,288.43,3.88,1,2,0.46,0.54
CC(=O)OC1CC(OC2C(O)CC(OC3C(O)CC(OC4CCC5(C)C(CCC6C5CC(O)C5(C)C(C7=CC(=O)OC7)CCC65O)C4)OC3C)OC2C)OC(C)C1OC1OC(CO)C(O)C(O)C1O,Compound_2009,True,0,gnn,985.13,0.61,8,20,0.46,0.54
COc1cc(C(=O)N(CCCc2ccccc2)Cc2ccc(CC(=O)O)cc2)cc(OC)c1C,Compound_5737,True,0,gnn,461.56,4.91,1,4,0.46,0.54
CC1CCC2C(C)C(OC(=O)CCC(=O)O)OC3OC4(C)CCC1C32OO4,Compound_143,True,0,gnn,384.43,2.6,1,7,0.46,0.54
CC(=O)OC1(C)CC(O)C2(O)C=COC(OC3OC(CO)C(O)C(O)C3O)C12,Compound_3761,True,0,gnn,406.38,-2.89,6,11,0.46,0.54
O=C(O)CNC(=O)C1=C(O)CCN(Cc2ccc(Oc3ccc(Cl)cc3)nc2)C1=O,Compound_5052,True,0,gnn,431.83,2.27,3,6,0.46,0.54
O=C(CCCCCCNC(=O)c1cnc(N(c2ccccc2)c2ccccc2Cl)nc1)NO,Compound_2961,True,0,gnn,467.96,4.79,3,6,0.46,0.54
Cc1csc(-c2nnc(Nc3ccc(Oc4ncccc4-c4ccnc(N)n4)cc3)c3ccccc23)c1,Compound_4939,True,0,gnn,503.59,6.64,2,9,0.46,0.54
CC(C(=O)O)c1ccc(CC2CCCC2=O)cc1,Compound_140,True,0,gnn,246.31,2.79,1,2,0.46,0.54
COC(=O)C1=COC(OC2OC(COC3OC(CO)C(O)C(O)C3O)C(O)C(O)C2O)C2C(CO)=CCC12,Compound_3604,True,0,gnn,550.51,-4.4,8,15,0.46,0.54
Cc1nn(-c2nc3c(Cl)c(Cl)ccc3[nH]2)c(O)c1C1OC(=O)c2ccccc21,Compound_5421,True,0,gnn,415.24,4.33,2,6,0.46,0.54
CC(C)(C)c1ccc(C(O)CCCN2CCC(C(O)(c3ccccc3)c3ccccc3)CC2)cc1,Compound_1975,True,0,gnn,471.69,6.45,2,3,0.46,0.54
CC(CCC(OC1OC(COC2OC(CO)C(O)C(O)C2O)C(O)C(O)C1OC1OC(CO)C(O)C(O)C1O)C(C)(C)O)C1CCC2(C)C3CC=C4C(CCC(OC5OC(COC6OC(CO)C(O)C(O)C6O)C(O)C(O)C5O)C4(C)C)C3(C)C(=O)CC12C,Compound_3888,True,0,gnn,1285.43,-5.2,18,29,0.46,0.54
CC(CCC1(O)OC2CC3C4CCC5CC(OC6OC(CO)C(O)C(O)C6OC6OC(CO)C(O)C(O)C6O)CCC5(C)C4CCC3(C)C2C1C)COC1OC(CO)C(O)C(O)C1O,Compound_2775,True,0,gnn,921.08,-1.78,12,19,0.46,0.54
CC(CCC1(O)OC2CC3C4CCC5CC(OC6OC(CO)C(O)C(O)C6OC6OC(CO)C(O)C(O)C6O)CCC5(C)C4CCC3(C)C2C1C)COC1OC(CO)C(O)C(O)C1O,Compound_4530,True,0,gnn,921.08,-1.78,12,19,0.46,0.54
O=C(O)CC(O)(CC(=O)OCc1ccc(OC2OC(CO)C(O)C(O)C2O)cc1)C(=O)OCc1ccc(OC2OC(CO)C(O)C(O)C2O)cc1,Compound_3534,True,0,gnn,728.65,-3.57,10,18,0.46,0.54
Cc1nc(-c2cn3c(n2)-c2ccc(-c4cnn(C(C)(C)C(N)=O)c4)cc2OCC3)n(C(C)C)n1,Compound_2156,True,0,gnn,460.54,3.17,1,9,0.46,0.54
CC(=O)NCC1CN(c2ccc(N3CCSCC3)c(F)c2)C(=O)O1,Compound_5435,True,0,gnn,353.42,1.84,1,5,0.46,0.54
Cc1ccc(NC(=O)C2(c3ccc4c(c3)OC(F)(F)O4)CC2)nc1-c1cccc(C(=O)O)c1,Compound_1356,True,0,gnn,452.41,4.75,2,5,0.46,0.54
CC(=O)OC1CC23CC(C)(O)C(CCC2C(C)(O)C2C4OC4C(C)(C)C12O)C3O,Compound_3603,True,0,gnn,410.51,0.76,4,7,0.46,0.54
CC(=O)OC1CC2(C)C(CC(O)C3C4(C)CCC(O)C(C)C4CCC32C)/C1=C(\CCC=C(C)C)C(=O)[O-].[Na+],Compound_1945,True,0,gnn,538.7,1.34,2,6,0.46,0.54
NCCC(O)C(=O)NC1CC(N)C(OC2OC(CN)C(O)C(O)C2O)C(O)C1OC1OC(CO)C(O)C(N)C1O,Compound_567,True,0,gnn,585.61,-8.42,13,17,0.46,0.54
OCC(O)C(O)C(O)C(O)COC1OC(CO)C(O)C(O)C1O,Compound_5919,True,0,gnn,344.31,-5.76,9,11,0.46,0.54
CC1(C)CCC2(C(=O)O)CCC3=C(CCC4C3(C)CCC3C4(C)CC(O)C(O)C3(C)C(=O)O)C2C1,Compound_3849,True,0,gnn,488.67,5.02,4,4,0.46,0.54
Cc1c(NC(=O)c2ccc(C(C)(C)C)cc2)cccc1-c1cn(C)c(=O)c(Nc2ccc(C(=O)N3CCOCC3)cc2)n1,Compound_2242,True,0,gnn,579.7,5.52,2,7,0.45,0.55
CCC1OC(=O)CC(O)C(C)C(OC2OC(C)C(OC3CC(C)(O)C(O)C(C)O3)C(N(C)C)C2O)C(CC=O)CC(C)C(=O)/C=C\C(C)=C\C1COC1OC(C)C(O)C(OC)C1OC,Compound_559,True,0,gnn,916.11,1.83,5,18,0.45,0.55
C=CC1(C)CC(=O)C2(O)C(C)(O1)C(OC(C)=O)C(O)C1C(C)(C)CCC(O)C12C,Compound_1797,True,0,gnn,410.51,1.52,3,7,0.45,0.55
CC(=O)N1CC(O)CC1C(=O)O,Compound_5797,True,0,gnn,173.17,-0.95,2,3,0.45,0.55
O=C(O)Cc1nn(Cc2ccc(Br)cc2F)c(=O)c2ccccc12,Compound_2157,True,0,gnn,391.2,2.97,1,4,0.45,0.55
CC(C)c1ccc2c(c1)c(SC(C)(C)C)c(CC(C)(C)C(=O)O)n2Cc1ccc(Cl)cc1,Compound_3010,True,0,gnn,472.09,8.01,1,3,0.45,0.55
CC(C)(O)c1ccccc1CCC(SCC1(CC(=O)O)CC1)c1cccc(/C=C/c2ccc3ccc(Cl)cc3n2)c1,Compound_1320,True,0,gnn,586.2,8.95,2,4,0.45,0.55
C=C(C)C1CCC2(C(=O)O)CCC3(C)C(CCC4C5(C)CCC(OC6OCC(O)C(O)C6OC6OC(C)C(O)C(O)C6O)C(C)(CO)C5CCC43C)C12,Compound_3030,True,0,gnn,750.97,3.38,7,11,0.45,0.55
CC12CCC(C1)C(C)(C)C2=O,Compound_5899,True,0,gnn,152.24,2.4,0,1,0.45,0.55
CC1OC(OC2C(CO)OC(OC3C(CO)OC(O)C(O)C3O)C(O)C2O)C(O)C(O)C1NC1C=C(CO)C(O)C(O)C1O,Compound_316,True,0,gnn,645.61,-8.56,14,19,0.45,0.55
OCC(CO)NC1CC(O)(CO)C(O)C(O)C1O,Compound_3803,True,0,gnn,267.28,-4.49,8,8,0.45,0.55
CC(=O)OC1CC2(C)C(=CC1=O)CCC1C3CCCC3(C)CCC12,Compound_5863,True,0,gnn,330.47,4.45,0,3,0.45,0.55
N#Cc1c(Oc2ccc(F)c(NC(=O)Cc3cccc(C(F)(F)F)c3)c2)ccc2nc(NC(=O)C3CC3)sc12,Compound_2507,True,0,gnn,554.53,6.65,2,6,0.45,0.55
CC(C(=O)O)c1ccc(N2Cc3ccccc3C2=O)cc1,Compound_371,True,0,gnn,281.31,3.04,1,2,0.45,0.55
C=C1C(=O)OC2CC(C)C3C(OC(C)=O)CC(O)C3(C)C(OC(C)=O)C12,Compound_5162,True,0,gnn,366.41,1.37,1,7,0.45,0.55
COC1(CCC(C)COC2OC(CO)C(O)C(O)C2O)OC2CC3C4CC=C5CC(OC6OC(CO)C(OC7OC(C)C(O)C(O)C7O)C(O)C6OC6OC(C)C(O)C(O)C6O)CCC5(C)C4CCC3(C)C2C1C,Compound_3039,True,0,gnn,1063.24,-1.33,12,22,0.45,0.55
CC(CCC1(O)OC2CC3C4CC=C5CC(OC6OC(CO)C(OC7OC(C)C(O)C(O)C7O)C(O)C6OC6OC(C)C(O)C(O)C6O)CCC5(C)C4CCC3(C)C2C1C)COC1OC(CO)C(O)C(O)C1O,Compound_3717,True,0,gnn,1049.21,-1.98,13,22,0.45,0.55
CCCCCCCCCCCCCCCCCCCC(=O)NC1CCC2(C)C(C1)CC(O)C1C2CC(O)C2(C)C(C(C)CCC(=O)O)CCC12,Compound_5637,True,0,gnn,702.12,10.61,4,4,0.45,0.55
CCC(CC)OC1C=C(C(=O)O)CC(N)C1NC(C)=O,Compound_5033,True,0,gnn,284.36,0.81,3,4,0.45,0.55
O=C(O)CNC(=O)C1C(=O)N(C2CCCCC2)C(=O)N(C2CCCCC2)C1=O,Compound_2617,True,0,gnn,393.44,1.26,2,5,0.45,0.55
Cc1cc(=O)oc2c(C=O)c(O)ccc12,Compound_3246,True,0,gnn,204.18,1.62,1,4,0.45,0.55
CCOc1ccn(-c2ccc(F)cc2)c(=O)c1C(=O)Nc1ccc(Oc2ccnc(N)c2Cl)c(F)c1,Compound_2309,True,0,gnn,512.9,5.19,2,7,0.45,0.55
CN1CCN(C2=Nc3ccccc3Oc3ccc(Cl)cc32)CC1.O=C(O)CCC(=O)O,Compound_1137,True,0,gnn,445.9,3.71,2,6,0.45,0.55
CC(C)CC(O)(CC(=O)OCc1ccc(OC2OC(CO)C(O)C(O)C2O)cc1)C(=O)OCc1ccc(OC2OC(CO)C(O)C(O)C2O)cc1,Compound_6072,True,0,gnn,726.73,-2.0,9,17,0.45,0.55
CC(=O)N1c2ccc(-c3ccc(C(=O)O)cc3)cc2C(Nc2ccc(Cl)cc2)CC1C,Compound_2539,True,0,gnn,434.92,6.0,2,3,0.45,0.55
CC(CC(=O)CC(C)C1CC(O)C2(C)C3=C(C(=O)CC12C)C1(C)CCC(=O)C(C)(C)C1CC3O)C(=O)O,Compound_3800,True,0,gnn,516.68,4.13,3,6,0.45,0.55
O=C(Nc1ncc(SCCN2CCCC2)s1)C1(c2ccc([S@SP3](=O)(=O)C3CC3)cc2)CC1C1CCCCC1,Compound_1849,True,0,gnn,559.82,5.74,1,7,0.45,0.55
C=CC(C)(CCC=C(C)C)OC(C)=O,Compound_5845,True,0,gnn,196.29,3.24,0,2,0.44,0.56
CC(C)CCNC(=O)C(CC(C)C)NC(=O)C1OC1C(=O)O,Compound_4515,True,0,gnn,314.38,0.53,3,4,0.44,0.56
COc1ccc(-c2oc3c(CC=C(C)C)c(OC4OC(CO)C(O)C(O)C4O)cc(O)c3c(=O)c2OC2OC(C)C(O)C(O)C2OC2OC(C)C(O)C(O)C2O)cc1,Compound_2760,True,0,gnn,822.81,-1.08,10,19,0.44,0.56
COc1ccc(-c2oc3c(CC=C(C)C)c(OC4OC(CO)C(O)C(O)C4O)cc(O)c3c(=O)c2OC2OC(C)C(O)C(O)C2O)cc1,Compound_1782,True,0,gnn,676.67,0.07,8,15,0.44,0.56
O=C(O)c1nn(Cc2ccc(Cl)cc2Cl)c2ccccc12,Compound_663,True,0,gnn,321.16,4.09,1,3,0.44,0.56
NC(=O)N1CCC(CC(=O)N2CCC(C3c4ncc(Br)cc4CCc4cc(Cl)cc(Br)c43)CC2)CC1,Compound_3306,True,0,gnn,638.83,5.91,1,3,0.44,0.56
CCc1nc(N)nc(N)c1-c1ccc(Cl)cc1,Compound_1059,True,0,gnn,248.72,2.52,2,4,0.44,0.56
Cc1ccc([S@SP3](=O)(=O)N2CCCC2c2ccc(F)cc2)cc1,Compound_3335,True,0,gnn,319.4,3.66,0,2,0.44,0.56
CCC(CC)C(NC(C)=O)C1C(NC(=N)N)CC(C(=O)O)C1O.O.O.O,Compound_1702,True,0,gnn,382.46,-2.61,6,4,0.44,0.56
CC(=O)OCC(=O)C1(O)CCC2C3CCC4=CC(=O)C=CC4(C)C3(Cl)C(Cl)CC21C,Compound_337,True,0,gnn,455.38,3.74,1,5,0.44,0.56
CCC(C(N)=O)N1CCCC1=O,Compound_275,True,0,gnn,170.21,-0.13,1,2,0.44,0.56
O=C(NCNC(=O)NC1C(=O)NC(=O)N1CO)NC1C(=O)NC(=O)N1CO,Compound_2703,True,0,gnn,388.3,-4.8,8,8,0.44,0.56
CC(CC(=O)CC(C)C1CC(=O)C2(C)C3=C(C(=O)CC12C)C1(C)CCC(=O)C(C)(C)C1CC3O)C(=O)O,Compound_3483,True,0,gnn,514.66,4.34,2,6,0.44,0.56
CC(CO)NC(=O)c1cc(-c2ccc(Cl)cc2)nn(-c2cccc(F)c2)c1=O,Compound_5705,True,0,gnn,401.83,2.8,2,5,0.44,0.56
C=C(CC)C(=O)c1ccc(OCC(=O)O)c(Cl)c1Cl,Compound_4736,True,0,gnn,303.14,3.61,1,3,0.44,0.56
CC(=O)OC12CCC(C)=CCC13CCC2C(C)(/C=C/C=C(\C)C(=O)O)OC3=O,Compound_3880,True,0,gnn,388.46,3.72,1,5,0.44,0.56
C/C(=C\C(=O)OCCCCCCCCC(=O)O)CC1OCC(CC2OC2C(C)C(C)O)C(O)C1O,Compound_1182,True,0,gnn,500.63,2.59,4,8,0.44,0.56
C=CC(C)(O)CCC=C(C)C,Compound_3781,True,0,gnn,154.25,2.67,1,1,0.44,0.56
C=CC(C)(O)CC/C=C(\C)CCC=C(C)C,Compound_3766,True,0,gnn,222.37,4.4,1,1,0.44,0.56
CC1(C)CCC2(C(=O)O)CCC3(C)C(=CCC4C5(C)CCC(OC6OC(C(=O)O)C(O)C(O)C6OC6OC(CO)C(O)C(O)C6O)C(C)(C)C5CCC43C)C2C1,Compound_4570,True,0,gnn,794.98,2.97,8,12,0.44,0.56
CC(C)=CCCC(C(=O)O)C1CCC2(C)C3=CCC4C(C)(CCC(O)C4(C)C)C3=CCC12C,Compound_3602,True,0,gnn,454.7,7.32,2,2,0.44,0.56
COC1CC(OC2CCC3(C)C(CCC4C3CCC3(C)C(C5=CC(=O)OC5)C(OC(C)=O)CC43O)C2)OC(C)C1O,Compound_3654,True,0,gnn,576.73,3.68,2,9,0.44,0.56
C/C=C/CC(C)C(O)C1C(=O)NC(CC)C(=O)N(C)CC(=O)N(C)C(CC(C)C)C(=O)NC(C(C)C)C(=O)N(C)C(CC(C)C)C(=O)NC(C)C(=O)NC(C)C(=O)N(C)C(CC(C)C)C(=O)N(C)C(CC(C)C)C(=O)N(C)C(C(C)C)C(=O)N1C,Compound_4245,True,0,gnn,1202.63,3.27,5,12,0.44,0.56
C/C=C/CC(C)C(O)C1C(=O)NC(CC)C(=O)N(C)CC(=O)N(C)C(CC(C)C)C(=O)NC(C(C)C)C(=O)N(C)C(CC(C)C)C(=O)NC(C)C(=O)NC(C)C(=O)N(C)C(CC(C)C)C(=O)N(C)C(CC(C)C)C(=O)N(C)C(C(C)C)C(=O)N1C,Compound_1096,True,0,gnn,1202.63,3.27,5,12,0.44,0.56
CC1(C)OC(=O)NC1=O,Compound_793,True,0,gnn,129.12,0.03,1,3,0.44,0.56
CC1(C)CCC2(C(=O)O)CCC3(C)C(=CCC4C5(C)CCC(OC6OC(C(=O)O)C(O)C(O)C6O)C(C)(C)C5CCC43C)C2C1,Compound_3901,True,0,gnn,632.83,5.15,5,7,0.44,0.56
COC(=O)C1=COC(OC2OC(CO)C(O)C(O)C2O)C2C(CO)=CCC12,Compound_1018,True,0,gnn,388.37,-2.23,5,10,0.44,0.56
CC(=O)OC1C(O)COC(OC2CCC34CC35CCC3(C)C(C6(C)CCC(C(C)(C)O)O6)C(O)CC3(C)C5CC(OC3OC(CO)C(O)C(O)C3O)C4C2(C)C)C1OC(C)=O,Compound_3025,True,0,gnn,869.06,1.87,7,16,0.44,0.56
Cn1nccc1Nc1nccc(-c2ccn(C(CO)c3ccc(Cl)c(F)c3)c(=O)c2)n1,Compound_2724,True,0,gnn,440.87,3.16,2,8,0.44,0.56
CC(=O)C1(O)CCC2(O)C3(O)CC=C4CC(O)CCC4(C)C3CC(OC(=O)/C=C(\C)C(C)C)C12C,Compound_1890,True,0,gnn,490.64,2.98,4,7,0.44,0.56
NCCCCC(N)C(=O)O.O=C(O)COc1nn(Cc2ccccc2)c2ccccc12,Compound_1903,True,0,gnn,428.49,2.08,4,7,0.44,0.56
CNC(=O)Nc1cc(Oc2cncc(C)c2)c(-c2ccc(OCC(C)(C)O)nc2)cn1,Compound_2931,True,0,gnn,423.47,3.54,3,7,0.44,0.56
CC1CCC2(OC1)OC1CC3C4CCC5CC(OC6OC(CO)C(O)C(O)C6OC6OC(CO)C(O)C(O)C6O)CCC5(C)C4CCC3(C)C1C2C,Compound_2800,True,0,gnn,740.93,1.44,7,13,0.44,0.56
C=C1C(OC(=O)/C=C(\C)CC)CC(C(C)C)C2C1CC(=O)C2C(C)OC(C)=O,Compound_3472,True,0,gnn,390.52,4.26,0,5,0.44,0.56
CCC1OC(=O)C(C)C(OC2CC(C)(OC)C(O)C(C)O2)C(C)C(OC2OC(C)CC(N(C)C)C2O)C(C)(O)CC(C)C(=O)C(C)C(O)C1(C)O,Compound_576,True,0,gnn,733.94,1.79,5,14,0.44,0.56
C=C1CCC2(C)CCC3(C)C(CCC4C5(C)CCC(O)C(C)(C)C5CCC43C)C2C1C,Compound_3886,True,0,gnn,426.73,8.02,1,1,0.44,0.56
O=C(Nc1ccc(Oc2ccc(Cl)cc2)c(Cl)c1)c1cc(I)cc(I)c1O,Compound_5464,True,0,gnn,626.02,6.95,2,3,0.44,0.56
O=C(O)COCCN1CCN(C(c2ccccc2)c2ccc(Cl)cc2)CC1,Compound_1196,True,0,gnn,388.9,3.15,1,4,0.44,0.56
CC(=O)NC1C(O)OC(CO)C(O)C1O,Compound_4485,True,0,gnn,221.21,-3.08,5,6,0.44,0.56
COC(=O)C1OC(OC2CCC3(C)C(CCC4(C)C3CC=C3C5CC(C)(C)CCC5(C(=O)O)CCC34C)C2(C)C=O)C(O)C(O)C1O,Compound_3831,True,0,gnn,660.85,4.42,4,9,0.44,0.56
NC1(C(=O)O)CCC(C(=O)O)C1,Compound_4256,True,0,gnn,173.17,-0.35,3,3,0.44,0.56
CCC1OC(=O)C(C)C(OC2CC(C)(OC)C(O)C(C)O2)C(C)C(OC2OC(C)CC(N(C)C)C2O)C(C)(OC)CC(C)C(=O)C(C)C(O)C1(C)O,Compound_1158,True,0,gnn,747.96,2.44,4,14,0.44,0.56
CC(=O)OC1(C(C)=O)CCC2C3C=C(Cl)C4=CC(=O)CCC4(C)C3CCC21C,Compound_1416,True,0,gnn,404.93,4.75,0,4,0.44,0.56
CC1CCC2(OC1)OC1CC3C4CC=C5CC(OC6OC(CO)C(OC7OC(CO)C(O)C7O)C(O)C6OC6OC(C)C(O)C(O)C6O)CCC5(C)C4CCC3(C)C1C2C,Compound_3027,True,0,gnn,855.03,0.85,8,16,0.44,0.56
CCC1OC(=O)C(C)C(OC2CC(C)(OC)C(O)C(C)O2)C(C)C(OC2OC(C)CC(N(C)C)C2O)C(C)(O)CC(C)CN(C)C(C)C(O)C1(C)O.O.O,Compound_1144,True,0,gnn,785.03,0.25,5,14,0.44,0.56
CC(=O)OC1C(O)COC(OC2CCC34CC35CCC3(C)C(C6(C)CCC(C(C)(C)O)O6)C(O)CC3(C)C5CC(OC3OC(CO)C(O)C(O)C3O)C4C2(C)C)C1O,Compound_3881,True,0,gnn,827.02,1.29,8,15,0.44,0.56
CC1OC(OC2C(CO)OC(OCC3OC(OC(=O)C45CCC(C)(C)CC4C4=CCC6C7(C)CC(O)C(O)C(C)(CO)C7C(O)CC6(C)C4(C)CC5)C(O)C(O)C3O)C(O)C2O)C(O)C(O)C1O,Compound_3494,True,0,gnn,975.13,-1.92,13,20,0.44,0.56
CC(C)(C)c1ccc(C(=O)CCCN2CCC(OC(c3ccccc3)c3ccccc3)CC2)cc1,Compound_1496,True,0,gnn,469.67,7.22,0,3,0.44,0.56
CC1CCC2(OC1)OC1CC3C4CC=C5CC(OC6OC(CO)C(OC7OC(C)C(O)C(O)C7O)C(O)C6OC6OC(C)C(O)C(O)C6O)CCC5(C)C4CCC3(C)C1C2C,Compound_2698,True,0,gnn,869.06,1.24,8,16,0.44,0.56
CCCNC(=O)C1OC1C(=O)NC(C(=O)N1CCCC1C(=O)OC)C(C)CC,Compound_3115,True,0,gnn,397.47,-0.03,2,6,0.44,0.56
C=C1CCC2C(C)(COC3OC(CO)C(O)C(O)C3O)CCCC2(C)C1CCC1=CCOC1=O,Compound_3063,True,0,gnn,480.6,1.85,4,8,0.44,0.56
C=C1CC2C3CCC4=CC(=O)CCC4C3CCC2(C)C1(OC(C)=O)C(C)=O,Compound_4830,True,0,gnn,370.49,4.19,0,4,0.44,0.56
CC/C=C/CC1C(=O)CCC1CC(=O)OC,Compound_4633,True,0,gnn,224.3,2.5,0,3,0.44,0.56
O=C(CC(O)(CC(=O)OCc1ccc(OC2OC(CO)C(O)C(O)C2O)cc1)C(=O)O)OCc1ccc(OC2OC(CO)C(O)C(O)C2O)cc1,Compound_5322,True,0,gnn,728.65,-3.57,10,18,0.44,0.56
CC1CCC2(NC1)OC1CC3C4CC=C5CC(OC6OC(CO)C(OC7OC(C)C(O)C(O)C7O)C(O)C6OC6OC(C)C(O)C(O)C6O)CCC5(C)C4CCC3(C)C1C2C,Compound_3558,True,0,gnn,868.07,0.81,9,16,0.44,0.56
Cc1noc(C)c1-c1ccc(C(=O)N2C(C(=O)O)CSC2c2ccccc2Cl)cc1,Compound_6168,True,0,gnn,442.92,4.95,1,5,0.44,0.56
CC1(C)CCC2(C(=O)OC3OC(CO)C(O)C(O)C3O)CCC3(C)C(=CCC4C5(C)CCC(OC6OC(C(=O)O)C(O)C(O)C6OC6OC(CO)C(O)C(O)C6O)C(C)(C)C5CCC43C)C2C1,Compound_3087,True,0,gnn,957.12,0.23,11,18,0.43,0.57
COC(=O)C1=COC(OC2OC(CO)C(O)C(O)C2O)C2C1C(O)CC2(C)O,Compound_3099,True,0,gnn,406.38,-3.04,6,11,0.43,0.57
S=C([S-])N1CCCC1.[NH4+],Compound_1894,True,0,gnn,164.3,1.29,1,2,0.43,0.57
CC1(C)CCC2(C(=O)OC3OC(CO)C(O)C(O)C3O)CCC3(C)C(=CCC4C5(C)CCC(OC6OC(C(=O)O)C(O)C(O)C6O)C(C)(C)C5CCC43C)C2C1,Compound_3693,True,0,gnn,794.98,2.41,8,13,0.43,0.57
CC(=O)OC1C(OC2CCC34CC35CCC3(C)C(C6(C)CCC(C(C)(C)O)O6)C(O)CC3(C)C5CC(OC3OC(CO)C(O)C(O)C3O)C4C2(C)C)OCC(O)C1O,Compound_3076,True,0,gnn,827.02,1.29,8,15,0.43,0.57
CC(/C=C/C(C)C(C)(C)O)C1CCC2/C(=C/C=C3CC(O)CC(O)C3)CCCC21C,Compound_5876,True,0,gnn,416.65,5.56,3,3,0.43,0.57
Cc1cnc(Nc2ccc(OCCN3CCCC3)cc2)nc1Nc1cccc([S@SP3](=O)(=O)NC(C)(C)C)c1,Compound_1482,True,0,gnn,524.69,4.82,3,8,0.43,0.57
CC(C)=CCC/C(C)=C/CC/C(C)=C/CC/C=C(\C)CC/C=C(\C)CCC=C(C)C,Compound_4572,True,0,gnn,410.73,10.6,0,0,0.43,0.57
COC(=O)C1=COC(OC2OC(CO)C(O)C(O)C2O)C2C(C)OC(O)CC12,Compound_2795,True,0,gnn,406.38,-2.42,5,11,0.43,0.57
CCC1/C=C(\C)CC(C)CC(OC)C2OC(O)(C(=O)C(=O)N3CCCCC3C(=O)OC(/C(C)=C/C3CCC(Cl)C(OC)C3)C(C)C(O)CC1=O)C(C)CC2OC,Compound_2388,True,0,gnn,810.47,5.72,2,11,0.43,0.57
CC(C)n1cnc2c(Nc3cccc(Cl)c3)nc(NCCO)nc21,Compound_2138,True,0,gnn,346.82,3.21,3,7,0.43,0.57
CC1OC(=O)C(C)C1CC(O)C(C)(O)C1CCC2(O)C3=CC(=O)C4CC(O)C(O)CC4(C)C3CCC12C,Compound_3097,True,0,gnn,520.66,1.89,5,8,0.43,0.57
CC1CCC2(C(=O)OC3OC(COC4OC(CO)C(OC5OC(C)C(O)C(O)C5O)C(O)C4O)C(O)C(O)C3O)CCC3(C)C(=CCC4C5(C)CC(O)C(O)C(C)(CO)C5CCC43C)C2C1C,Compound_1800,True,0,gnn,959.13,-1.03,12,19,0.43,0.57
CC(CC(=O)CC(C)C1CC(=O)C2(C)C3=C(C(=O)C(O)C12C)C1(C)CCC(O)C(C)(C)C1CC3O)C(=O)O,Compound_3841,True,0,gnn,532.67,3.1,4,7,0.43,0.57
CC(C)C(C)C(O)C(O)C(C)C1CCC2C3COC(=O)C4CC(O)C(O)CC4(C)C3CCC12C,Compound_24,True,0,gnn,480.69,3.39,4,6,0.43,0.57
CC(C)C(C)C(O)C(O)C(C)C1CCC2C3COC(=O)C4CC(O)C(O)CC4(C)C3CCC12C,Compound_5115,True,0,gnn,480.69,3.39,4,6,0.43,0.57
C=CC1C(OC2OC(CO)C(O)C(O)C2O)OC=C2C(=O)OCCC21,Compound_3515,True,0,gnn,358.34,-1.59,4,9,0.43,0.57
CC1(O)CC(O)C2C=COC(OC3OC(CO)C(O)C(O)C3O)C21,Compound_3380,True,0,gnn,348.35,-2.58,6,9,0.43,0.57
C=C1CC23CCC4C(C)(C(=O)O)CCCC4(C)C2CCC1(OC1OC(CO)C(O)C(O)C1OC1OC(CO)C(O)C(O)C1O)C3,Compound_4563,True,0,gnn,642.74,-0.2,8,12,0.43,0.57
CC1CCC2(OC1)OC1CC3C4CC=C5CC(OC6OC(CO)C(O)C(OC7OC(CO)C(O)C(O)C7O)C6OC6OC(C)C(O)C(O)C6O)CCC5(C)C4CCC3(C)C1C2C,Compound_3059,True,0,gnn,885.05,0.21,9,17,0.43,0.57
NC(=O)c1nc(F)cnc1O,Compound_3331,True,0,gnn,157.1,-0.58,2,4,0.43,0.57
CC1CCC2(C(=O)OC3OC(COC4OC(CO)C(OC5OC(C)C(O)C(O)C5O)C(O)C4O)C(O)C(O)C3O)CCC3(C)C(=CCC4C5(C)CC(O)C(O)C(C)(CO)C5C(O)CC43C)C2C1C,Compound_1971,True,0,gnn,975.13,-2.06,13,20,0.43,0.57
CC(C)C(CO)Nc1nc(Nc2ccc(C(=O)O)c(Cl)c2)c2ncn(C(C)C)c2n1,Compound_5463,True,0,gnn,432.91,3.93,4,8,0.43,0.57
CCC1OC(=O)C(C)C(OC2CC(C)(OC)C(O)C(C)O2)C(C)C(OC2OC(C)CC(N(C)C)C2O)C(C)(O)CC(C)CNC(C)C(O)C1(C)O,Compound_2631,True,0,gnn,734.97,1.56,6,14,0.43,0.57
C=C1CC23CCC4C(C)(C(=O)OC5OC(CO)C(O)C(O)C5O)CCCC4(C)C2CCC1(OC1OC(CO)C(O)C(OC2OC(CO)C(O)C(O)C2O)C1OC1OC(CO)C(O)C(O)C1O)C3,Compound_2620,True,0,gnn,967.02,-5.11,14,23,0.43,0.57
CC1CCC2(NC1)OC1CC3C4CC=C5CC(OC6OC(CO)C(O)C(OC7OC(CO)C(O)C(O)C7O)C6OC6OC(C)C(O)C(O)C6O)CCC5(C)C4CCC3(C)C1C2C,Compound_3547,True,0,gnn,884.07,-0.21,10,17,0.43,0.57
CC(=O)NCCCOc1ccc(C(=O)N2CCC(N3C(=O)CCc4ccccc43)CC2)cc1,Compound_4341,True,0,gnn,449.55,3.18,1,4,0.43,0.57
CC1CCC2(NC1)OC1CC3C4CC=C5CC(OC6OC(CO)C(OC7OC(C)C(O)C(O)C7O)C(O)C6O)CCC5(C)C4CCC3(C)C1C2C,Compound_3934,True,0,gnn,721.93,1.96,7,12,0.43,0.57
COC(=O)C1=CCC23CCC(C(C)(/C=C/C=C(\C)C(=O)O)OC2=O)C3(OC(C)=O)CC1,Compound_2487,True,0,gnn,432.47,2.87,1,7,0.43,0.57
CC12CCC3C(CCC4CC(O)CCC43C)C1CCC2=O,Compound_734,True,0,gnn,290.45,3.96,1,2,0.43,0.57
CC12CCC3C(CCC4CC(O)CCC43C)C1CCC2=O,Compound_4825,True,0,gnn,290.45,3.96,1,2,0.43,0.57
NCC1OC(OC2C(N)CC(N)C(OC3OC(CO)C(O)C(N)C3O)C2O)C(N)C(O)C1O,Compound_5889,True,0,gnn,483.52,-7.33,11,15,0.43,0.57
CC1(C)CCC2(C(=O)O)CCC3=C(C(CCl)CC4C3(C)CCC3C4(C)CC(O)C(O)C3(C)C(=O)O)C2C1,Compound_3051,True,0,gnn,537.14,5.49,4,4,0.43,0.57
C=CC1(C)CC(OC(=O)CSCCN(CC)CC)C2(C)C(C)CCC3(CCC(=O)C32)C(C)C1O,Compound_5808,True,0,gnn,493.75,4.97,1,6,0.43,0.57
CC1(C)CCCC(C)(C2CCC3(C)C2C(O)CC2C4(C)CCC(O)C(C)(C)C4C(O)CC23C)O1,Compound_1763,True,0,gnn,476.74,5.71,3,4,0.43,0.57
CC(Nc1nc(NC(C)C(F)(F)F)nc(-c2cccc(Cl)n2)n1)C(F)(F)F,Compound_5485,True,0,gnn,414.74,4.31,2,6,0.43,0.57
CC(=O)OCC1=COC(OC(=O)CC(C)C)C2C1=CC(OC(=O)CC(C)(C)OC(C)=O)C21CO1,Compound_3586,True,0,gnn,480.51,2.35,0,10,0.43,0.57
CC(C)=CCCC(C)CC=O,Compound_5814,True,0,gnn,154.25,2.96,0,1,0.43,0.57
C=C1CC23CCC4C(C)(C(=O)OC5OC(CO)C(O)C(O)C5O)CCCC4(C)C2CCC1(OC1OC(CO)C(O)C(O)C1OC1OC(CO)C(O)C(O)C1O)C3,Compound_1767,True,0,gnn,804.88,-2.94,11,18,0.43,0.57
CC1CCC2(OC1)OC1CC3C4CC=C5CC(OC6OC(CO)C(O)C(O)C6OC6OC(C)C(O)C(O)C6O)CCC5(C)C4CCC3(C)C1(O)C2C,Compound_3723,True,0,gnn,738.91,1.5,7,13,0.43,0.57
CCOC(=O)C1OC1C(=O)NC(CC(C)C)C(=O)NCCC(C)C,Compound_3434,True,0,gnn,342.44,1.01,2,5,0.43,0.57
CC(=O)OCC(=O)C1(O)CCC2C3CCC4=CC(=O)C=CC4(C)C3C(=O)CC21C,Compound_5975,True,0,gnn,400.47,2.34,1,6,0.43,0.57
C=C1CCC2C(C)(COC(=O)CCC(=O)O)C(OC(=O)CCC(=O)O)CCC2(C)C1/C=C/C1=CCOC1=O,Compound_3780,True,0,gnn,532.59,3.6,2,8,0.43,0.57
C=C1CC23CCC4C(C)(C(=O)O)CCCC4(C)C2CCC1(O)C3,Compound_4320,True,0,gnn,318.46,4.16,2,2,0.43,0.57
C=C1CCC2OC2(C)CCC2C1CC2(C)C,Compound_844,True,0,gnn,220.36,3.94,0,1,0.43,0.57
CC(C(O)c1ccc(O)cc1)N1CCC(Cc2ccccc2)CC1.CC(C(O)c1ccc(O)cc1)N1CCC(Cc2ccccc2)CC1.O=C(O)C(O)C(O)C(=O)O,Compound_625,True,0,gnn,800.99,5.42,8,10,0.43,0.57
O=C(O)CCCCCCCCCCCNC(=O)NC12CC3CC(CC(C3)C1)C2,Compound_6136,True,0,gnn,392.58,5.24,3,2,0.43,0.57
CC(=O)OC1(C(C)=O)CCC2C3CC(C)C4=CC(=O)CCC4(C)C3CCC21C,Compound_1957,True,0,gnn,386.53,4.66,0,4,0.43,0.57
CC(N)CCCC(C)(C)O.Cl,Compound_173,True,0,gnn,181.71,1.7,2,2,0.43,0.57
CC1CCC2N(C1)CC1C3CC4C(CC(O)C5CC(O)CCC54C)C3CCC1C2(C)O,Compound_3572,True,0,gnn,431.66,3.68,3,4,0.43,0.57
CC(=O)OCC(=O)C1(O)CCC2C3CCC4=CC(=O)C=CC4(C)C3C(O)CC21C,Compound_383,True,0,gnn,402.49,2.13,2,6,0.43,0.57
C=C1CC23CCC4C(C)(C(=O)OC5OC(CO)C(O)C(O)C5O)CCCC4(C)C2CCC1(OC1OC(CO)C(O)C(O)C1O)C3,Compound_3754,True,0,gnn,642.74,-0.76,8,13,0.43,0.57
O=C(O)C1=COC(OC2OC(CO)C(O)C(O)C2O)C2C(CO)=CCC12,Compound_874,True,0,gnn,374.34,-2.32,6,9,0.43,0.57
CC(=O)Oc1ccc(C2(c3ccc(OC(C)=O)cc3)C(=O)Nc3ccccc32)cc1,Compound_5478,True,0,gnn,401.42,3.82,1,5,0.43,0.57
CCC(CCC(C)C1CCC2C3CC=C4CC(OC5OC(CO)C(O)C(O)C5O)CCC4(C)C3CCC12C)C(C)C,Compound_3066,True,0,gnn,576.86,5.85,4,6,0.43,0.57
O=c1[nH]c2ccccc2n1C1CCN(CCCC(c2ccc(F)cc2)c2ccc(F)cc2)CC1,Compound_1083,True,0,gnn,461.56,5.86,1,3,0.43,0.57
O=C(O)C1C2C=CC(C2)C1C(=O)Nc1ccc(Cl)c(Cl)c1,Compound_6116,True,0,gnn,326.18,3.45,2,2,0.43,0.57
COC(=O)C1=COC(OC2OC(CO)C(O)C(O)C2O)C2C(CO)=CC(O)C12,Compound_5197,True,0,gnn,404.37,-3.26,6,11,0.43,0.57
C/C1=C/CC2(C(C)C)CCC(C)(O2)C(O)CC/C(C)=C\CC1,Compound_4527,True,0,gnn,306.49,5.17,1,2,0.43,0.57
CC(C)(Oc1ccc(Cl)cc1)C(=O)O,Compound_205,True,0,gnn,214.65,2.58,1,2,0.43,0.57
O=C1CCC(C(=O)O)N1,Compound_432,True,0,gnn,129.11,-0.65,2,2,0.43,0.57
CCCCC(F)(F)C1(O)CCC2C(CC(=O)C2CCCCCCC(=O)O)O1,Compound_3238,True,0,gnn,390.47,4.31,2,4,0.43,0.57
O=c1ccc2ccc(OC3OC(CO)C(O)C(O)C3O)cc2o1,Compound_3827,True,0,gnn,324.29,-1.03,4,8,0.42,0.58
CN1CCN(Cc2ccc(Nc3ncc(Cl)c(Nc4ccccc4[S@SP3](=O)(=O)N(C)C)n3)cc2)CC1,Compound_2154,True,0,gnn,516.07,3.61,2,8,0.42,0.58
COC(=O)C1=COC(O)C2C(CO)=CCC12,Compound_1812,True,0,gnn,226.23,-0.05,2,5,0.42,0.58
CN(C)C/C=C/C(=O)Nc1cc2c(Nc3ccc(F)c(Cl)c3)ncnc2cc1OC1CCOC1.O=C(O)/C=C\C(=O)O.O=C(O)/C=C\C(=O)O,Compound_2049,True,0,gnn,718.09,3.81,6,11,0.42,0.58
COc1c(OC2OC(C(=O)O)C(O)C(O)C2O)cc(O)c2c(=O)cc(-c3ccccc3)oc12,Compound_2699,True,0,gnn,460.39,0.45,5,10,0.42,0.58
COc1ccc(C2Nc3cccc(O)c3C(=O)N2Cc2ccccc2)cc1COc1ccc(NC(C)=O)cc1,Compound_6014,True,0,gnn,523.59,5.7,3,6,0.42,0.58
CC1CCC2(OC1)OC1CC3C4CC=C5CC(OC6OC(C)C(O)C(O)C6O)CC(OC6OC(C)C(O)C(O)C6O)C5(C)C4CCC3(C)C1C2C,Compound_3957,True,0,gnn,722.91,2.39,6,12,0.42,0.58
C=CC(N)CCC(=O)O,Compound_2681,True,0,gnn,129.16,0.36,2,2,0.42,0.58
CCn1c(=O)c2c(C)c(C(=O)N3CCC(O)CC3)sc2n(CCC(F)(F)F)c1=O,Compound_5878,True,0,gnn,433.45,2.1,1,7,0.42,0.58
O=C(O)C1CCCN1C(=O)CCCCC(=O)N1CCCC1C(=O)O,Compound_5636,True,0,gnn,340.38,0.7,2,4,0.42,0.58
CCC1(C2OC(C3OC(O)(CO)C(C)CC3C)CC2C)CCC(C2(C)CCC3(CC(O)C(C)C(C(C)C(OC)C(C)C(=O)[O-])O3)O2)O1.[Na+],Compound_577,True,0,gnn,692.86,-0.06,3,11,0.42,0.58
CNC1CC(N)C(O)C(OC2OC(CO)C(O)C3OC4(OC(C(N)CO)C(O)C(O)C4O)OC23)C1O,Compound_1993,True,0,gnn,527.52,-7.27,11,16,0.42,0.58
COc1ccc(C(C)(C)C)cc1CNC1C2CCN(CC2)C1C(c1ccccc1)c1ccccc1,Compound_5738,True,0,gnn,468.69,6.38,1,3,0.42,0.58
CCc1nn(C)c(C(=O)NCc2ccc(Oc3ccc(C)cc3)cc2)c1Cl,Compound_4446,True,0,gnn,383.88,4.67,1,4,0.42,0.58
CNc1cc(-c2cccc(Cl)c2Cl)nc(N)n1,Compound_2559,True,0,gnn,269.14,3.07,2,4,0.42,0.58
CC1(C)CCC2(C(=O)O)CCC3(CO)C(=CCC4C5(C)CC(O)C(OC6OC(CO)C(O)C(O)C6O)C(C)(C(=O)O)C5CCC43C)C2C1,Compound_3061,True,0,gnn,680.83,2.07,8,10,0.42,0.58
C[N+](C)(C)CCCC(=O)O.[Cl-],Compound_4661,True,0,gnn,181.66,-2.44,1,1,0.42,0.58
COC(=O)C1=COC(OC2OC(CO)C(O)C(O)C2O)C2C1CC(O)C2C,Compound_1799,True,0,gnn,390.39,-2.15,5,10,0.42,0.58
O=C(NC1CCN(CC(F)(F)F)CC1)c1ccc(-c2cccc(F)c2)nc1,Compound_2133,True,0,gnn,381.37,3.64,1,3,0.42,0.58
CC1CCC2C(C)C(O)OC3OC4(C)CCC1C32OO4,Compound_630,True,0,gnn,284.35,2.19,1,5,0.42,0.58
CCCCCC(O)/C=C/C1C(O)CC(O)C1C/C=C\CCCC(=O)O.NC(CO)(CO)CO,Compound_4385,True,0,gnn,475.62,0.7,8,8,0.42,0.58
CCN1CC2(COC)CCC(OC)C34C5CC6(O)C(OC)CC(OC(C)=O)(C5C6OC(=O)c5ccc(OC)cc5)C(C(OC)C23)C14,Compound_3783,True,0,gnn,643.77,2.72,1,11,0.42,0.58
COC1CC(CC2CCC(C)C(C(C)C(=O)[O-])O2)OC2(OC(C)(C3CCC(C)(C4OC(C5OC(O)(CO)C(C)CC5C)CC4C)O3)CC2C)C1C.[Na+],Compound_1861,True,0,gnn,746.96,1.37,2,11,0.42,0.58
CC1(C)CCC2(C(=O)O)CCC3(C)C(=CCC4C5(C)CC(O)C(O)C(C)(C)C5CCC43C)C2C1,Compound_3060,True,0,gnn,472.71,6.2,3,3,0.42,0.58
CCCN1CC(C)C(O)C(C)(O)C(CC)OC(=O)C(C)C(OC2CC(C)(OC)C(O)C(C)O2)C(C)C(OC2OC(C)CC(N(C)C)C2O)C(C)(O)CC1C,Compound_2833,True,0,gnn,777.05,2.68,5,14,0.42,0.58
CC1CCC2(OC1)OC1CC3(O)C4CC=C5CC(OC6OC(CO)C(O)C(O)C6OC6OC(C)C(O)C(O)C6O)CCC5(C)C4CCC3(C)C1(O)C2C,Compound_3850,True,0,gnn,754.91,0.62,8,14,0.42,0.58
CC(C)N(CCNC(=O)CN1CCCC1=O)C(C)C,Compound_270,True,0,gnn,269.39,0.84,1,3,0.42,0.58
CC(C)(O)CCC(O)C(C)(O)C1CCC2(O)C3=CC(=O)C4CC(O)C(O)CC4(C)C3CCC12C,Compound_1778,True,0,gnn,480.64,1.85,6,7,0.42,0.58
C=CCC1/C=C(\C)CC(C)CC(OC)C2OC(O)(C(=O)C(=O)N3CCCCC3C(=O)OC(/C(C)=C/C3CCC(O)C(OC)C3)C(C)C(O)CC1=O)C(C)CC2OC,Compound_1368,True,0,gnn,804.03,4.64,3,12,0.42,0.58
CC(CCC(=O)NCC[S@SP3](=O)(=O)[O-])C1CCC2C3CCC4CC(O)CCC4(C)C3CCC12C.[Na+],Compound_5073,True,0,gnn,505.7,1.09,2,5,0.42,0.58
CCN1CC2(COC)C(O)CC(OC)C34C5CC6(O)C(OC)CC(OC(C)=O)(C5C6OC(=O)c5ccc(OC)cc5)C(C(OC)C23)C14,Compound_3763,True,0,gnn,659.77,1.69,2,12,0.42,0.58
CC(O)CN(CCN(CC(C)O)CC(C)O)CC(C)O,Compound_34,True,0,gnn,292.42,-0.89,4,6,0.42,0.58
O=C(NO)c1cccc(C(=O)NCCc2ccccc2)c1,Compound_3248,True,0,gnn,284.32,1.78,3,3,0.42,0.58
CC(C(=O)O)c1cccc(C(=O)c2ccccc2)c1,Compound_1051,True,0,gnn,254.28,3.11,1,2,0.42,0.58
CC(C(=O)O)c1cccc(C(=O)c2ccccc2)c1,Compound_1344,True,0,gnn,254.28,3.11,1,2,0.42,0.58
CC(=O)OC1(C(C)=O)CCC2C3C=C(C)C4=CC(=O)CCC4C3CCC21C,Compound_5994,True,0,gnn,370.49,4.19,0,4,0.42,0.58
CC1CCC2(OC1)OC1CC3C4CC=C5CC(OC6OC(CO)C(O)C(OC7OCC(O)C(O)C7O)C6OC6OC(C)C(O)C(O)C6O)CCC5(C)C4CCC3(C)C1C2C,Compound_3811,True,0,gnn,855.03,0.85,8,16,0.42,0.58
CCN1CCCC1CNC(=O)c1c(O)c(Cl)cc(Cl)c1OC,Compound_6003,True,0,gnn,347.24,2.92,2,4,0.42,0.58
CCOC1=C(O)C(=O)OC1C(O)CO,Compound_5849,True,0,gnn,204.18,-0.93,3,6,0.42,0.58
CC1CCC2(OC1)OC1CC3(O)C4CC=C5CC(OC6OC(CO)C(OC7OCC(O)C(O)C7O)C(O)C6OC6OC(C)C(O)C(O)C6O)CCC5(C)C4CCC3(C)C1C2C,Compound_3844,True,0,gnn,871.03,-0.03,9,17,0.42,0.58
CC(C)C(N)C(=O)N1CCCC1C(=O)N1CCCC1C(=O)O,Compound_5407,True,0,gnn,311.38,0.04,2,4,0.42,0.58
C=CC1CC1(NC(=O)C1CC(Oc2ncc(OC)c3ccc(Cl)cc23)CN1C(=O)C(NC(=O)OC(C)(C)C)C(C)(C)C)C(=O)N[S@SP3](=O)(=O)C1CC1,Compound_4543,True,0,gnn,748.3,3.85,3,10,0.42,0.58
CC1(C)CCC2(C(=O)O)C(O)CC3(C)C(=CCC4C5(C)CCC(OC6OC(CO)C(O)C(O)C6O)C(C)(C)C5CCC43C)C2C1,Compound_3778,True,0,gnn,634.85,4.03,6,8,0.42,0.58
COc1cc2nccc(Oc3ccc(NC(=O)C4(C(=O)Nc5ccc(F)cc5)CC4)cc3)c2cc1OC.O=C(O)CC(O)C(=O)O,Compound_2054,True,0,gnn,635.6,4.45,5,9,0.42,0.58
O=C(NCc1ccc(F)cc1)C1CCN([S@SP3](=O)(=O)c2cc(Cl)cc(Cl)c2)CC1,Compound_4809,True,0,gnn,445.34,3.85,1,3,0.42,0.58
COc1cc2ncnc(Nc3cccc(Cl)c3F)c2cc1OC(=O)N1CCN(C)CC1C,Compound_2865,True,0,gnn,459.91,4.31,1,7,0.42,0.58
CC1OC(OC2C(COC3OC(CO)C(O)C(O)C3O)OC(OC3CCC4(C)C(CCC5(C)C4C=CC46OCC7(CCC(C)(C)CC74)C(O)CC56C)C3(C)C)C(O)C2O)C(O)C(O)C1O,Compound_3072,True,0,gnn,927.14,0.63,10,17,0.42,0.58
CC(C)(N)CO.Cn1c(=O)c2[nH]c(Br)nc2n(C)c1=O,Compound_791,True,0,gnn,348.2,-0.56,3,7,0.42,0.58
CONC(=O)c1ccccc1Nc1cc(Nc2cc(C)nn2C(C)C)ncc1Cl,Compound_2320,True,0,gnn,414.9,4.6,3,7,0.42,0.58
CC(=O)NCCCC(=O)O,Compound_4623,True,0,gnn,145.16,-0.01,2,2,0.42,0.58
NCC(=O)N1CCCC1C(=O)O,Compound_5190,True,0,gnn,172.18,-0.98,2,3,0.42,0.58
CC(C)(O)C1CCC(C)(C2C(O)CC3(C)C4CC(O)C5C(C)(C)C(OC6OCC(O)C(O)C6OC6OC(CO)C(O)C(O)C6O)CCC56CC46CCC23C)O1,Compound_3954,True,0,gnn,784.98,0.72,9,14,0.42,0.58
COc1cccc(NCC(F)Cn2c3ccc(Br)cc3c3cc(Br)ccc32)c1,Compound_2188,True,0,gnn,506.21,6.78,1,3,0.42,0.58
CC(C)SC1OC(CO)C(O)C(O)C1O,Compound_4231,True,0,gnn,238.3,-1.07,4,6,0.42,0.58
CC1CCC2(OC1)OC1CC3C4CCC5CC(OC6OC(CO)C(O)C(O)C6O)CCC5(C)C4CCC3(C)C1C2C,Compound_3876,True,0,gnn,578.79,3.62,4,8,0.42,0.58
CC1CCC2(OC1)OC1CC3C4CC=C5CC(O)CC(OC6OC(C)C(O)C(OC7OCC(O)C(O)C7O)C6OC6OC(C)C(O)C(O)C6O)C5(C)C4CCC3(C)C1C2C,Compound_5525,True,0,gnn,855.03,0.85,8,16,0.42,0.58
CCC1/C=C(\C)CC(C)CC(OC)C2OC(O)(C(=O)C(=O)N3CCCCC3C(=O)OC(/C(C)=C/C3CCC(O)C(OC)C3)C(C)C(O)CC1=O)C(C)CC2OC,Compound_2226,True,0,gnn,792.02,4.47,3,12,0.42,0.58
CC(=O)OCC(=O)C1(O)C(C)CC2C3CCC4=CC(=O)C=CC4(C)C3(F)C(O)CC21C,Compound_1093,True,0,gnn,434.5,2.47,2,6,0.42,0.58
CC(=O)OC1CCC2C3CCC4=CC(=O)CCC4=C3C=CC12C,Compound_872,True,0,gnn,312.41,3.9,0,3,0.42,0.58
COC(=O)C1=CCC23CCC(C(C)(/C=C/C=C(\C)C(=O)O)OC2=O)C3(O)CC1,Compound_3950,True,0,gnn,390.43,2.3,2,6,0.42,0.58
CCN(C(=O)CO)C1CN(/C(=N/c2cccc(OC(F)F)c2)NC#N)N=C1c1ccc(Cl)c(Cl)c1,Compound_5884,True,0,gnn,525.34,3.58,2,6,0.42,0.58
CC(=O)OC1(C(C)=O)CCC2C3C=C(Cl)C4=CC(=O)C5CC5C4(C)C3CCC21C,Compound_755,True,0,gnn,416.95,4.61,0,4,0.42,0.58
Clc1cc2c(NC3CCCC3)nnc(-c3ccncc3)c2cc1Cl,Compound_4227,True,0,gnn,359.26,5.35,1,4,0.42,0.58
C[N+](C)(C)CC(O)CC(=O)[O-],Compound_976,True,0,gnn,161.2,-1.81,1,3,0.42,0.58
C[N+](C)(C)CC(O)CC(=O)[O-],Compound_1057,True,0,gnn,161.2,-1.81,1,3,0.42,0.58
CC(=O)NC1C(O)CC(O)(C(=O)O)OC1C(O)C(O)CO,Compound_1533,True,0,gnn,309.27,-3.87,7,8,0.42,0.58
CC(CC(=O)O)CC(=O)O,Compound_4583,True,0,gnn,146.14,0.57,2,2,0.42,0.58
COc1ccc(-c2oc3c(CC=C(C)C)c(OC4OC(CO)C(O)C(O)C4O)cc(O)c3c(=O)c2OC2OC(C)C(O)C(O)C2OC2OC(CO)C(O)C(O)C2O)cc1,Compound_3070,True,0,gnn,838.81,-2.11,11,20,0.42,0.58
OCC1=CC(O)C2C=COC(OC3OC(CO)C(O)C(O)C3O)C12,Compound_2803,True,0,gnn,346.33,-2.8,6,9,0.42,0.58
O=C(O)C(O)C(O)C(OC1OC(CO)C(O)C(O)C1O)C(O)CO,Compound_5807,True,0,gnn,358.3,-5.67,9,11,0.42,0.58
O=C(Nc1ccccc1)C12CC1/C(=N/O)c1ccccc1O2,Compound_3288,True,0,gnn,294.31,2.65,2,4,0.42,0.58
OCC1OC(OC2C(CO)OC(O)(CO)C2O)C(O)C(O)C1O,Compound_1246,True,0,gnn,342.3,-5.4,8,11,0.42,0.58
CC(=O)OC/C=C(C)/C=C/C=C(C)/C=C/C1=C(C)CCCC1(C)C,Compound_41,True,0,gnn,328.5,6.08,0,2,0.42,0.58
CC1CCC2(C(=O)OC3OC(CO)C(O)C(O)C3O)CCC3(C)C(=CCC4C5(C)CC(O)C(O)C(C)(C)C5CCC43C)C2C1(C)O,Compound_5151,True,0,gnn,650.85,2.43,7,10,0.42,0.58
CC(=O)OCC1=COC(OC(=O)CC(C)C)C2C1=CC(OC(=O)CC(C)C)C21CO1,Compound_3853,True,0,gnn,422.47,2.66,0,8,0.42,0.58
CCN(C(=O)c1c(O)c2c(Cl)cccc2n(C)c1=O)c1ccccc1,Compound_4123,True,0,gnn,356.81,3.56,1,4,0.42,0.58
CCCC(CCC)C(=O)O.CCCC(CCC)C(=O)[O-].[Na+],Compound_4235,True,0,gnn,310.41,0.24,1,3,0.42,0.58
Cc1ccc(-n2sc(=O)n(Cc3ccc(F)cc3)c2=O)cc1,Compound_6027,True,0,gnn,316.36,2.56,0,5,0.42,0.58
CC(C)(O)CNc1ncc(-c2ccnc(Nc3ccncc3)n2)c(CC2CC2)n1,Compound_6095,True,0,gnn,391.48,3.21,3,8,0.42,0.58
CC(C)(O)C1CCC(C)(C2C(O)CC3(C)C4CC(OC5OC(CO)C(O)C(O)C5O)C5C(C)(C)C(OC6OCC(O)C(O)C6O)CCC56CC46CCC23C)O1,Compound_1511,True,0,gnn,784.98,0.72,9,14,0.42,0.58
CC(C)(O)C1CCC(C)(C2C(O)CC3(C)C4CC(OC5OC(CO)C(O)C(O)C5O)C5C(C)(C)C(OC6OCC(O)C(O)C6O)CCC56CC46CCC23C)O1,Compound_3416,True,0,gnn,784.98,0.72,9,14,0.42,0.58
CC1(C)CCCC(C)(C2CCC3(C)C2C(O)CC2C4(C)CCC(O)C(C)(C)C4CCC23C)O1,Compound_1761,True,0,gnn,460.74,6.74,2,3,0.41,0.59
COC1OC2OC3(C)CCC4C(C)CCC(C1C)C24OO3,Compound_680,True,0,gnn,298.38,2.84,0,5,0.41,0.59
CC1OC(OC2C(OC3C(OC4CCC5(C)C(CCC6(C)C5CC=C5C7CC(C)(C)CCC7(C(=O)O)CCC56C)C4(C)C)OCC(O)C3O)OC(CO)C(O)C2O)C(O)C(O)C1O,Compound_3050,True,0,gnn,897.11,2.37,9,15,0.41,0.59
OCC1OC(OC2C(CO)OC(OC3C(CO)OC(OC4C(CO)OC(OC5C(CO)OC(OC6C(CO)OC(OC7C(CO)OC(O)C(O)C7O)C(O)C6O)C(O)C5O)C(O)C4O)C(O)C3O)C(O)C2O)C(O)C(O)C1O,Compound_6165,True,0,gnn,1153.0,-16.28,23,36,0.41,0.59
COc1ccc(-c2coc3cc(OC4OC(CO)C(O)C(O)C4O)ccc3c2=O)cc1,Compound_3675,True,0,gnn,430.41,0.65,4,9,0.41,0.59
NC1(C(=O)O)CC(C(=O)O)C1,Compound_4484,True,0,gnn,159.14,-0.74,3,3,0.41,0.59
NC1(C(=O)O)CC(C(=O)O)C1,Compound_4269,True,0,gnn,159.14,-0.74,3,3,0.41,0.59
CNC(=NCCCC(N)C(=O)O)NC,Compound_5326,True,0,gnn,202.26,-1.03,4,3,0.41,0.59
CNC(=O)CN1CCC(Oc2cc3c(Nc4cccc(Cl)c4F)ncnc3cc2OC)CC1,Compound_2944,True,0,gnn,473.94,3.76,2,7,0.41,0.59
CC1CCC2(C(=O)OC3OC(CO)C(O)C(O)C3O)CCC3(C)C(=CCC4C5(C)CCC(O)C(C)(C(=O)O)C5CCC43C)C2C1(C)O,Compound_3484,True,0,gnn,664.83,2.53,7,10,0.41,0.59
CC(Oc1ccc(CNC(=O)c2cccnc2Oc2ccc3c(c2)OCO3)c(F)c1)C(=O)O,Compound_4733,True,0,gnn,454.41,3.52,2,7,0.41,0.59
COc1cccc(NCC(O)Cn2c3ccc(Br)cc3c3cc(Br)ccc32)c1,Compound_2164,True,0,gnn,504.22,5.8,2,4,0.41,0.59
CSC(=O)OCC1=CC(O)C2C(C(=O)O)=COC(OC3OC(CO)C(O)C(O)C3O)C12,Compound_5161,True,0,gnn,464.45,-1.84,6,12,0.41,0.59
CC1(C)CCC2(C(=O)OC3OC(CO)C(O)C(O)C3O)CCC3(C)C(=CCC4C5(C)CCC(OC6OC(C(=O)O)C(O)C(O)C6OC6OCC(O)C(O)C6O)C(C)(C)C5CCC43C)C2C1,Compound_3885,True,0,gnn,927.09,0.87,10,17,0.41,0.59
CC1(C)CCC2(C(=O)O)CCC3(C)C(=CCC4C5(C)CCC(OC6OC(C(=O)O)C(O)C(OC7OCC(O)C(O)C7O)C6O)C(C)(C)C5CCC43C)C2C1,Compound_2741,True,0,gnn,764.95,3.61,7,11,0.41,0.59
CC(CCOc1cccc(CC(=O)O)c1)N(Cc1cccc(C(F)(F)F)c1Cl)CC(c1ccccc1)c1ccccc1,Compound_5781,True,0,gnn,596.09,8.48,1,3,0.41,0.59
CC1(C)CCC2(C(=O)O)CCC3(C)C(=CCC4C5(C)CCC(O)C(C)(CO)C5CCC43C)C2C1,Compound_877,True,0,gnn,472.71,6.21,3,3,0.41,0.59
CC1(C)CCC2(C(=O)O)CCC3(C)C(=CCC4C5(C)CCC(O)C(C)(C)C5CCC43C)C2C1,Compound_462,True,0,gnn,456.71,7.23,2,2,0.41,0.59
CCOC1OC2OC3(C)CCC4C(C)CCC(C1C)C24OO3,Compound_2696,True,0,gnn,312.41,3.23,0,5,0.41,0.59
CCCNCC1(O)C(C)OC(OC2C(C)C(=O)OC(CC)C(C)(O)C(O)C(C)NCC(C)CC(C)(O)C(OC3OC(C)CC(N(C)C)C3O)C2C)CC1(C)OC,Compound_4312,True,0,gnn,806.09,1.93,7,15,0.41,0.59
OCC1OC(OC2C(CO)OC(OC3C(CO)OC(OC4C(CO)OC(O)C(O)C4O)C(O)C3O)C(O)C2O)C(O)C(O)C1O,Compound_5136,True,0,gnn,666.58,-9.75,14,21,0.41,0.59
COc1ccc2cc(C(C)C(=O)O)ccc2c1,Compound_1067,True,0,gnn,230.26,3.04,1,2,0.41,0.59
COc1ccc2cc(C(C)C(=O)O)ccc2c1,Compound_1414,True,0,gnn,230.26,3.04,1,2,0.41,0.59
O=C1CC(C(=O)O)NC(=O)N1,Compound_4656,True,0,gnn,158.11,-1.33,3,3,0.41,0.59
C=C1C(=O)OC2/C=C(\C)CC/C=C(\C)CCC12,Compound_1600,True,0,gnn,232.32,3.55,0,2,0.41,0.59
CC1CCC2C(C)C(=O)OC3OC4(C)CCC1C32OO4,Compound_1087,True,0,gnn,282.34,2.39,0,5,0.41,0.59
C=C1CC23CC4C5C6(C)CC(OC(C)=O)CC57C2C(O)C1C(OC(C)=O)C3(O)C7N4C6,Compound_5905,True,0,gnn,429.51,1.02,2,7,0.41,0.59
CC1(C)CCC2(C(=O)OC3OC(COC4OC(CO)C(O)C(O)C4O)C(O)C(O)C3O)CCC3(C)C(=CCC4C5(C)CCC(OC6OCC(O)C(O)C6O)C(C)(CO)C5CCC43C)C2C1,Compound_1926,True,0,gnn,929.11,-0.25,11,18,0.41,0.59
CC1CN(Cc2ccc(F)cc2)CCN1C(=O)COc1ccc(Cl)cc1NC(N)=O,Compound_1572,True,0,gnn,434.9,3.08,2,4,0.41,0.59
Cc1cc(C)c(NC(=O)C2CC3CCC2C3)c(C)c1,Compound_4177,True,0,gnn,257.38,3.99,1,1,0.41,0.59
CC(=O)OC1CC23CC24CCC(OC2OCC(O)C(O)C2O)C(C)(C)C4CCC3C2(C)C(O)C34OC(CC(C)C3C12C)C(C(C)(C)O)O4,Compound_3863,True,0,gnn,678.86,2.66,5,11,0.41,0.59
COC(=O)C1(C)CCC2(C(=O)O)CCC3(C)C(=CCC4C5(C)CC(O)C(OC6OCC(OC7OC(CO)C(O)C(O)C7O)C(O)C6O)C(C)(CO)C5CCC43C)C2C1,Compound_3200,True,0,gnn,826.97,0.62,9,15,0.41,0.59
COC(=O)C1=COC(OC2OC(CO)C(O)C(O)C2O)C2C(C)CC(=O)C12,Compound_3069,True,0,gnn,388.37,-1.94,4,10,0.41,0.59
C#CC1(OC(C)=O)CCC2C3CCC4=CC(OC(C)=O)CCC4C3CCC21C,Compound_552,True,0,gnn,384.52,4.43,0,4,0.41,0.59
CC(C)(C)NC(=O)NC(C(=O)N1CC2C(C1C(=O)NC(CC1CCC1)C(=O)C(N)=O)C2(C)C)C(C)(C)C,Compound_4666,True,0,gnn,519.69,1.71,4,5,0.41,0.59
COc1ccc(-c2nc(N[S@SP3](=O)(=O)c3ccc(C(C)(C)C)cc3)c(Oc3ccccc3OC)c(OCC(O)CO)n2)cc1,Compound_3287,True,0,gnn,609.7,4.78,3,10,0.41,0.59
C=C1C(=O)OC2C1CCC(C)=C1CCC(C)(O)C12,Compound_5148,True,0,gnn,248.32,2.36,1,3,0.41,0.59
CC(CS)C(=O)N1CCCC1C(=O)O,Compound_1179,True,0,gnn,217.29,0.63,2,3,0.41,0.59
CC(CCC(=O)NCC[S@SP3](=O)(=O)[O-])C1CCC2C3CC(O)C4CC(O)CCC4(C)C3CCC12C.[Na+],Compound_5955,True,0,gnn,521.7,0.06,3,6,0.41,0.59
COC(=O)C1=COC(OC2OC(CO)C(O)C(O)C2O)C2C1C=CC2(O)CO,Compound_4398,True,0,gnn,404.37,-3.26,6,11,0.41,0.59
CC(CCC(=O)NCC[S@SP3](=O)(=O)[O-])C1CCC2C3C(O)CC4CC(O)CCC4(C)C3CCC12C.[Na+],Compound_4397,True,0,gnn,521.7,0.06,3,6,0.41,0.59
CC1(C)CCC2(C(=O)O)CCC3(C)C(=CCC4C5(C)CCC(=O)C(C)(C)C5CCC43C)C2C1,Compound_2720,True,0,gnn,454.7,7.44,1,2,0.41,0.59
CC(C)OC(=O)C(C)(C)Oc1ccc(C(=O)c2ccc(Cl)cc2)cc1,Compound_649,True,0,gnn,360.84,4.68,0,4,0.41,0.59
COc1c(C)c2c(c(O)c1C/C=C(\C)CCC(=O)O)C(=O)OC2,Compound_1966,True,0,gnn,320.34,2.73,2,5,0.41,0.59
CC1OC(OC2C(OC3CCC4(C)C(CCC5(C)C4CC=C4C6CC(C)(C)CCC6(C(=O)O)CCC45C)C3(C)CO)OCC(O)C2O)C(O)C(O)C1O,Compound_2709,True,0,gnn,750.97,3.52,7,11,0.41,0.59
CC(=O)OCC(=O)C12N=C(C)OC1CC1C3CCC4=CC(=O)C=CC4(C)C3C(O)CC12C,Compound_320,True,0,gnn,441.52,2.56,1,7,0.41,0.59
O=C(O)CCCC(=O)O,Compound_4571,True,0,gnn,132.12,0.33,2,2,0.41,0.59
CC(=O)OC(C)C[N+](C)(C)C.[Cl-],Compound_1553,True,0,gnn,195.69,-2.35,0,2,0.41,0.59
CCOC(=O)C1=CC(OC(CC)CC)C(NC(C)=O)C(N)C1.O=[P@SP2](O)(O)O,Compound_2078,True,0,gnn,410.4,0.36,5,6,0.41,0.59
COc1ccc(CCC(=O)Nc2nc3ccc(Cl)cc3s2)cc1OC,Compound_2353,True,0,gnn,376.87,4.54,1,5,0.41,0.59
CC1(O)CC23CC(O)C4(O)C(C5OC5C4(C)C)C(C)(O)C2CCC1C3O,Compound_3590,True,0,gnn,368.47,0.18,5,6,0.41,0.59
Br.CCN1CC2(OC(=O)c3ccccc3NC(C)=O)CCC(OC)C34C1C(CC23)C1(O)CC(OC)C2CC4C1(O)C2OC,Compound_3454,True,0,gnn,665.62,2.8,3,9,0.41,0.59
Cc1noc2c1-c1ccccc1C(c1ccc(Cl)cc1)=NC2CC(N)=O,Compound_1590,True,0,gnn,365.82,4.07,1,4,0.41,0.59
CC1(C(=O)O)CCC2(C)CCC3(C)C(=CC(=O)C4C5(C)CCC(OC6OC(C(=O)O)C(O)C(O)C6OC6OC(C(=O)O)C(O)C(O)C6O)C(C)(C)C5CCC43C)C2C1,Compound_465,True,0,gnn,822.94,2.25,8,13,0.41,0.59
COC(=O)C1(C)CCC2(C(=O)OC3OC(CO)C(O)C(O)C3O)CCC3(C)C(=CCC4C5(C)CC(O)C(OC6OCC(OC7OC(CO)C(O)C(O)C7O)C(O)C6O)C(C)(CO)C5CCC43C)C2C1,Compound_3947,True,0,gnn,989.12,-2.12,12,21,0.41,0.59
COc1ccc(CC(C)NCC(O)c2ccc(O)c(NC=O)c2)cc1.COc1ccc(CC(C)NCC(O)c2ccc(O)c(NC=O)c2)cc1.O=C(O)/C=C/C(=O)O,Compound_2718,True,0,gnn,804.89,4.16,10,12,0.41,0.59
NCCCCCC(=O)O,Compound_992,True,0,gnn,131.18,0.59,2,2,0.41,0.59
CC1(C)CC2C3=CCC4C5(C)CCC(O)C(C)(CO)C5CCC4(C)C3(C)CC(O)C2(CO)C(O)C1O,Compound_5196,True,0,gnn,506.72,3.03,6,6,0.41,0.59
CC1C(O)CC2C(C(=O)O)=COC(OC3OC(CO)C(O)C(O)C3O)C21,Compound_3568,True,0,gnn,376.36,-2.24,6,9,0.41,0.59
CC(=O)OC1(C(C)=O)CCC2C3C=C(C)C4=CC(=O)CCC4(C)C3CCC21C,Compound_1959,True,0,gnn,384.52,4.58,0,4,0.41,0.59
CC(=O)OC1CC2CCC3C(CCC4(C)C3CC([N+]3(C)CCCCC3)C4OC(C)=O)C2(C)CC1[N+]1(C)CCCCC1.[Br-].[Br-],Compound_256,True,0,gnn,732.68,0.12,0,4,0.41,0.59
CCNC(=O)c1noc(-c2cc(Cl)c(O)cc2O)c1-c1ccc(OC)cc1,Compound_1654,True,0,gnn,388.81,3.83,3,6,0.41,0.59
CC(=O)NC(CCCNC(=N)N)C(=O)O,Compound_5918,True,0,gnn,216.24,-1.16,5,3,0.41,0.59
NCCCCC(=O)O,Compound_4664,True,0,gnn,117.15,0.2,2,2,0.41,0.59
CCCCCC(O)/C=C/C1C(O)CC(=O)C1C/C=C\CCCC(=O)O,Compound_4896,True,0,gnn,352.47,3.25,3,4,0.41,0.59
CC(C)CC(N)=O,Compound_398,True,0,gnn,101.15,0.52,1,1,0.41,0.59
CC1=CC(=O)CC(C)(C)C1(O)/C=C/C(C)=C\C(=O)O,Compound_5982,True,0,gnn,264.32,2.25,2,3,0.41,0.59
CCCC(CCC)C(=O)NCC(N)=O,Compound_3444,True,0,gnn,200.28,0.8,2,2,0.41,0.59
CC1CCC2(C(=O)O)CCC3(C)C(=CCC4C5(C)CC(O)C(O)C(C)(CO)C5CCC43C)C2C1C,Compound_958,True,0,gnn,488.71,5.03,4,4,0.41,0.59
CCN(CC)CCOC(=O)C1(C2CCCCC2)CCCCC1.Cl,Compound_1186,True,0,gnn,345.96,4.82,0,3,0.41,0.59
CC1OC(OC2C(OC(=O)C34CCC(C)(C)CC3C3=CCC5C6(C)CC(O)C(OC7OC(CO)C(O)C(O)C7O)C(CO)(CO)C6CCC5(C)C3(C)CC4O)OCC(O)C2O)C(O)C(O)C1OC1OCC(O)C(OC2OCC(O)(CO)C2O)C1O,Compound_3086,True,0,gnn,1225.34,-5.38,17,28,0.41,0.59
Cc1nn(CC(F)(F)F)cc1Nc1ncc(Br)c(NCc2ccc([S@SP2](N)(=O)=O)cc2)n1,Compound_5584,True,0,gnn,520.34,3.31,3,8,0.41,0.59
O=C(O)CCCCCCCC(=O)O,Compound_1110,True,0,gnn,188.22,1.89,2,2,0.41,0.59
CC1OC(OC2CCC3(C)C(CCC4(C)C3C=CC35OCC6(CCC(C)(C)CC63)C(O)CC45C)C2(C)CO)C(O)C(OC2OC(CO)C(O)C(O)C2O)C1O,Compound_1824,True,0,gnn,780.99,1.78,8,13,0.41,0.59
CC1OC(OC2CCC3(C)C(CCC4(C)C3C=CC35OCC6(CCC(C)(C)CC63)C(O)CC45C)C2(C)CO)C(O)C(OC2OC(CO)C(O)C(O)C2O)C1O,Compound_3058,True,0,gnn,780.99,1.78,8,13,0.41,0.59
CC(=O)OC12COC1CC(O)C1(C)C(=O)C(O)C3=C(C)C(O)CC(O)(C(OC(=O)c4ccccc4)C21)C3(C)C,Compound_1948,True,0,gnn,544.6,1.08,4,10,0.41,0.59
C=CC1(C)CC(OC(=O)CSC(C)(C)CNC(=O)C(N)C(C)C)C2(C)C(C)CCC3(CCC(=O)C32)C(C)C1O.Cl,Compound_4773,True,0,gnn,601.29,4.93,3,7,0.41,0.59
CC(=O)NC1=NN(C(C)=O)C(C)(c2ccccc2)S1,Compound_2902,True,0,gnn,277.35,1.86,1,4,0.41,0.59
O=C(O)CCCCCCCCC(=O)O,Compound_3104,True,0,gnn,202.25,2.28,2,2,0.41,0.59
C=C1C(=O)OC2CC(C)C(/C=C/C(C)=O)=CCC12,Compound_3593,True,0,gnn,246.31,2.59,0,3,0.4,0.6
COc1ccc(Cc2ccc(NC(N)=O)cc2)cc1-c1cccc(Cl)c1,Compound_5367,True,0,gnn,366.85,5.1,2,2,0.4,0.6
O=C1OC(C(O)CO)C(O)=C1O,Compound_1105,True,0,gnn,176.12,-1.41,4,6,0.4,0.6
CC(C)(C)[Si](C)(C)Oc1ccc2oc(=O)c3c(c2c1)CCCN3,Compound_2119,True,0,gnn,331.49,4.54,1,4,0.4,0.6
CC(=O)Oc1cc(C)c(OC(C)=O)c2ccccc12,Compound_1682,True,0,gnn,258.27,3.0,0,4,0.4,0.6
CC(C)(Sc1cc(C(C)(C)C)c(O)c(C(C)(C)C)c1)Sc1cc(C(C)(C)C)c(OC(=O)CCC(=O)O)c(C(C)(C)C)c1,Compound_4121,True,0,gnn,616.93,9.97,2,6,0.4,0.6
CCC(C)C(=O)OC1C2C3(C)CCC(OC4CC(OC)C(OC5OC(C)C(O)C(OC)C5O)C(C)O4)CC3CCC23OC32CCC(C(C)=O)C2(C)C1OC(C)=O,Compound_3548,True,0,gnn,794.98,4.02,2,14,0.4,0.6
O=C(ON1C(=O)CCC1=O)N1CCN(C(c2ccc(Cl)cc2)c2ccc(Cl)cc2)CC1,Compound_5262,True,0,gnn,462.33,3.9,0,5,0.4,0.6
O=C(Nc1c(Cl)cncc1Cl)c1ccc(OC(F)F)c(OCC2CC2)c1,Compound_1999,True,0,gnn,403.21,5.03,1,4,0.4,0.6
CC1CCC2(C(=O)O)CCC3(C)C(=CCC4C5(C)CC(O)C(O)C(C)(C)C5CCC43C)C2C1C,Compound_2802,True,0,gnn,472.71,6.06,3,3,0.4,0.6
CC(C)(C)C1(O)CC2OC(=O)CC23C(=O)OC2OC(=O)C(O)C231,Compound_1973,True,0,gnn,326.3,-0.74,2,8,0.4,0.6
C=C1CCC2C(C)(CO)C(O)CCC2(C)C1C/C=C1/C(=O)OCC1O,Compound_954,True,0,gnn,350.46,1.96,3,5,0.4,0.6
CC(CCC(=O)NCC[S@SP3](=O)(=O)[O-])C1CCC2C3C(O)CC4CC(O)CCC4(C)C3CC(O)C12C.[Na+],Compound_3923,True,0,gnn,537.7,-0.97,4,7,0.4,0.6
COc1ccc2c(c1)c(C(=O)Nc1cc(C(=O)OC(C)(C)C)ccc1F)cn2C(C)=O,Compound_5494,True,0,gnn,426.44,4.66,1,6,0.4,0.6
CC(=O)OC1CCC2(C)C(CCC3(C)C2C(=O)C=C2C4C(C)C(C)CCC4(C)CCC23C)C1(C)C(=O)O,Compound_3789,True,0,gnn,512.73,6.84,1,4,0.4,0.6
CC(=O)N1CCC(NC(=O)c2ccc(F)cc2)CC1,Compound_5825,True,0,gnn,264.3,1.57,1,2,0.4,0.6
Cc1cc2c(cc1Cl)N(C(=O)Nc1ccc(Oc3cccnc3C)nc1)CC2,Compound_5428,True,0,gnn,394.86,5.13,1,4,0.4,0.6
C=C1C(=O)OC2C1CCC(=C)C1CCC(=C)C12,Compound_1970,True,0,gnn,230.31,3.02,0,2,0.4,0.6
C=C1C(=O)OC2C1CCC(=C)C1CCC(=C)C12,Compound_72,True,0,gnn,230.31,3.02,0,2,0.4,0.6
O=C(O)CN(CCN(CC(=O)O)CC(=O)O)CCN(CC(=O)O)CC(=O)O,Compound_120,True,0,gnn,393.35,-2.68,5,8,0.4,0.6
O=C(O)CCCCCCCCCO,Compound_3531,True,0,gnn,188.27,2.18,2,2,0.4,0.6
CC(=O)NC(CC(C)C)C(=O)O,Compound_4573,True,0,gnn,173.21,0.62,2,2,0.4,0.6
CC(=O)NC(CC(C)C)C(=O)O,Compound_1117,True,0,gnn,173.21,0.62,2,2,0.4,0.6
CC(NC(=O)Cc1cc(F)cc(F)c1)C(=O)NC1C(=O)N(C)c2ccccc2-c2ccccc21,Compound_2996,True,0,gnn,463.48,3.51,2,3,0.4,0.6
O=C(NOCC1CC1)c1ccc(F)c(F)c1Nc1ccc(I)cc1Cl,Compound_2252,True,0,gnn,478.66,5.04,2,3,0.4,0.6
C=CC1(C)CC(OC(=O)CSC2CC3CCC(C2)N3C)C2(C)C(C)CCC3(CCC(=O)C32)C(C)C1O,Compound_3325,True,0,gnn,517.78,5.25,1,6,0.4,0.6
C/C=C1/C(OC2OC(CO)C(O)C(O)C2O)OC=C(C(=O)OC)C1CC(=O)OCC1OC(OCCc2ccc(O)cc2)C(O)C(O)C1O,Compound_3071,True,0,gnn,686.66,-2.52,8,17,0.4,0.6
CC(=O)NC(CC(C)C)C(=O)NC(CC(C)C)C(=O)NC(C=O)CCCNC(=N)N.CC(=O)NC(CC(C)C)C(=O)NC(CC(C)C)C(=O)NC(C=O)CCCNC(=N)N.O=[S@SP2](=O)(O)O,Compound_2545,True,0,gnn,951.2,-0.62,14,12,0.4,0.6
OCC1OC(OC2C(CO)OC(O)C(O)C2O)C(O)C(O)C1O,Compound_472,True,0,gnn,342.3,-5.4,8,11,0.4,0.6
OCC1OC(OC2C(CO)OC(O)C(O)C2O)C(O)C(O)C1O,Compound_473,True,0,gnn,342.3,-5.4,8,11,0.4,0.6
OCC1OC(OCC2OC(OCC3OC(OC4(CO)OC(CO)C(O)C4O)C(O)C(O)C3O)C(O)C(O)C2O)C(O)C(O)C1O,Compound_5209,True,0,gnn,666.58,-9.75,14,21,0.4,0.6
O=c1c(-c2ccc(O)cc2)coc2cc(OC3OC(CO)C(O)C(O)C3O)ccc12,Compound_1773,True,0,gnn,416.38,0.34,5,9,0.4,0.6
NC(CO)(CO)CO,Compound_1111,True,0,gnn,121.14,-2.34,4,4,0.4,0.6
CC(C)CC(=O)NC(C(=O)NC(C(=O)NC(CC(C)C)C(O)CC(=O)NC(C)C(=O)NC(CC(C)C)C(O)CC(=O)O)C(C)C)C(C)C,Compound_2978,True,0,gnn,685.9,1.47,8,8,0.4,0.6
CC(NC(=O)C(O)c1cc(F)cc(F)c1)C(=O)NC1C(=O)N(C)c2ccccc2-c2ccccc21,Compound_2951,True,0,gnn,479.48,3.0,3,4,0.4,0.6
CC/C=C\C/C=C\C/C=C\C/C=C\C/C=C\C/C=C\CCC(=O)O,Compound_5003,True,0,gnn,328.5,6.55,1,1,0.4,0.6
Cc1noc2c1-c1ccc(-c3cnn(C)c3)cc1C(c1ccc(Cl)cc1)=NC2CC(N)=O,Compound_1567,True,0,gnn,445.91,4.47,1,6,0.4,0.6
CC(C)(CO)C(O)C(=O)NCCCO,Compound_82,True,0,gnn,205.25,-1.14,4,4,0.4,0.6
CC(C)(CO)C(O)C(=O)NCCCO,Compound_1120,True,0,gnn,205.25,-1.14,4,4,0.4,0.6
CC(=O)OC(C)C(C)C(=O)OCC12C3CC4(C)C(=CCC5C6(C)CCC(OC7OC(C(=O)[O-])C(OC8OC(CO)C(O)C(O)C8O)C(O)C7OC7OCC(O)C(O)C7O)C(C)(CO)C6CCC54C)C1CC(C)(C)C(O3)C2O.[Na+],Compound_1801,True,0,gnn,1123.23,-4.92,10,23,0.4,0.6
C=C1CC2(O)OC3(CC2=C(C)C)C(C)CCC13,Compound_3858,True,0,gnn,234.34,3.18,1,2,0.4,0.6
CSC(=O)OCC1=CC2OC(=O)C3=COC(OC4OC(CO)C(O)C(O)C4O)C1C32,Compound_3562,True,0,gnn,446.43,-1.36,4,12,0.4,0.6
CC(=O)Oc1cccc(O)c1,Compound_33,True,0,gnn,152.15,1.32,1,3,0.4,0.6
CC1CCC2(C(=O)O)CCC3(C)C(=CCC4C5(C)CCC(O)C(C)(CO)C5CCC43C)C2C1(C)O,Compound_3555,True,0,gnn,488.71,5.18,4,4,0.4,0.6
O=C(CCCCCCCC(=O)NCCO)NCCO,Compound_3277,True,0,gnn,274.36,-0.07,4,4,0.4,0.6
CC1(C)CCC2(C(=O)O)C(O)CC3(C)C(=CCC4C5(C)CCC(O)C(C)(C=O)C5CCC43C)C2C1,Compound_2716,True,0,gnn,486.69,5.38,3,4,0.4,0.6
Cl.Cl.N=C(N)NCCCC(N)C(N)=O,Compound_4457,True,0,gnn,246.14,-1.09,5,3,0.4,0.6
Cn1nnc(-c2ccc(-c3ccc(N4CC(CO[P@SP1](=O)(O)O)OC4=O)cc3F)cn2)n1,Compound_5360,True,0,gnn,450.32,1.51,2,9,0.4,0.6
OCC1OC(OC2(COC3(CO)OC(CO)C(O)C3O)OC(CO)C(O)C2O)C(O)C(O)C1O,Compound_5194,True,0,gnn,504.44,-7.57,11,16,0.4,0.6
COc1cc(CC(=O)O)ccc1O,Compound_3610,True,0,gnn,182.18,1.03,2,3,0.4,0.6
NC(Cc1ccc(O)c([N+](=O)[O-])c1)C(=O)O,Compound_4660,True,0,gnn,226.19,0.25,3,5,0.4,0.6
Nc1nc(=O)c2nc(CNc3ccc(C(=O)NC(CCC(=O)O)C(=O)O)cc3)cnc2[nH]1,Compound_209,True,0,gnn,441.4,-0.04,6,9,0.4,0.6
C1COC(NC(C2CC2)C2CC2)=N1.O=[P@SP2](O)(O)O,Compound_3147,True,0,gnn,278.24,0.22,4,4,0.4,0.6
OCC1OC(OC2(COC3(COC4(COC5(CO)OC(CO)C(O)C5O)OC(CO)C(O)C4O)OC(CO)C(O)C3O)OC(CO)C(O)C2O)C(O)C(O)C1O,Compound_5242,True,0,gnn,828.72,-11.92,17,26,0.4,0.6
CC(C)(C)N[S@SP3](=O)(=O)c1cncc(-c2cc(F)c3nc(N)nn3c2)c1,Compound_2443,True,0,gnn,364.41,1.59,2,7,0.4,0.6
O=C(O)C1CCCCC1C(=O)Nc1cc(Cl)cc(Cl)c1,Compound_3181,True,0,gnn,316.18,3.82,2,2,0.4,0.6
C=CC(=O)Nc1cccc(Oc2nc(Nc3ccc(N4CCN(C)CC4)cc3)ncc2Cl)c1,Compound_5011,True,0,gnn,464.96,4.54,2,7,0.4,0.6
CC(=O)NC(CCC(N)=O)C(=O)O,Compound_745,True,0,gnn,188.18,-1.16,3,3,0.4,0.6
COc1cc2nccc(Oc3ccc(NC(=O)NC4CC4)c(Cl)c3)c2cc1C(N)=O,Compound_442,True,0,gnn,426.86,4.07,3,5,0.4,0.6
O=C(O)C1=COC(OC2OC(CO)C(O)C(O)C2O)C2C1C=CC2(O)CO,Compound_3734,True,0,gnn,390.34,-3.35,7,10,0.4,0.6
COc1cccc(-c2ccc(NC(=O)C3=C(C(=O)O)CCC3)c(F)c2)c1,Compound_2429,True,0,gnn,355.37,4.0,2,3,0.4,0.6
C=CCNC(N)=S,Compound_103,True,0,gnn,116.19,0.01,2,1,0.4,0.6
O=C(CC(O)(CC(=O)OCc1ccc(OC2OC(CO)C(O)C(O)C2O)cc1)C(=O)OCc1ccc(OC2OC(CO)C(O)C(O)C2O)cc1)OCc1ccc(OC2OC(CO)C(O)C(O)C2O)cc1,Compound_3749,True,0,gnn,996.92,-4.74,13,25,0.4,0.6
C=CC1C(OC2OC(CO)C(O)C(O)C2O)OC=C2C(=O)OCCC21O,Compound_1928,True,0,gnn,374.34,-2.48,5,10,0.4,0.6
Cc1cc(=O)oc2cc(O)cc(O)c12,Compound_3564,True,0,gnn,192.17,1.51,2,4,0.4,0.6
COc1ccccc1OCC[NH2+]C[C@@H](O)COc1cccc2[nH]c3ccccc3c12,Compound_92,True,0,gnn,407.49,2.71,3,4,0.4,0.6